date,location,temperature_c,humidity_pct,rainfall_mm,co2_ppm,aqi,energy_kwh,water_liters,renewable_pct,extreme_weather_index,risk_level
2020-01-01,Chennai,27.09,73.34,1.16,418.44,73.3,414.98,2613.2,27.65,6.06,Low
2020-01-02,Bengaluru,27.8,77.05,20.24,411.17,60.3,413.23,3061.92,39.38,13.99,Low
2020-01-03,Hyderabad,26.79,71.55,4.87,396.62,69.9,444.36,3067.81,31.48,10.75,Low
2020-01-04,Bengaluru,22.99,72.17,8.63,408.05,63.2,426.61,3093.84,40.26,10.73,Low
2020-01-05,Delhi,31.28,78.89,3.26,413.84,60.8,528.26,3093.06,28.2,11.66,Moderate
2020-01-06,Bengaluru,28.3,76.95,0.43,401.97,55.6,468.76,3247.0,29.81,9.27,Low
2020-01-07,Hyderabad,30.22,60.28,1.0,408.86,74.8,407.67,2985.87,28.51,12.84,Low
2020-01-08,Delhi,30.16,61.49,9.66,411.93,51.2,468.42,2978.54,30.57,12.13,Low
2020-01-09,Hyderabad,26.01,61.22,3.64,410.34,64.1,457.51,2828.27,29.16,11.79,Low
2020-01-10,Hyderabad,30.58,74.94,3.69,411.29,89.0,492.32,2933.35,44.73,11.23,Moderate
2020-01-11,Mumbai,26.0,66.37,4.23,413.98,58.4,391.19,3054.45,34.2,1.2,Low
2020-01-12,Bengaluru,28.83,70.1,2.27,403.17,45.7,348.25,3023.53,33.18,19.5,Low
2020-01-13,Chennai,29.83,67.99,7.97,403.4,56.9,453.51,3319.46,27.02,11.61,Low
2020-01-14,Hyderabad,30.17,70.9,3.4,412.68,84.8,400.73,3216.05,31.05,7.12,Low
2020-01-15,Delhi,26.89,75.04,3.19,406.66,25.0,344.88,2945.45,40.69,4.24,Low
2020-01-16,Hyderabad,29.69,65.93,9.88,409.8,71.6,501.05,3102.19,31.5,14.54,Low
2020-01-17,Delhi,27.43,75.42,5.36,409.73,61.2,441.51,3108.27,36.55,7.19,Low
2020-01-18,Mumbai,27.93,78.41,21.79,412.61,77.6,471.29,3181.71,33.96,19.51,Low
2020-01-19,Chennai,29.25,65.74,9.07,414.01,66.0,475.92,2736.37,32.85,24.25,Low
2020-01-20,Chennai,28.33,68.43,22.45,416.29,79.1,417.43,3037.67,44.09,15.31,Low
2020-01-21,Delhi,27.5,77.99,2.7,419.31,85.7,384.73,3154.94,35.3,19.7,Low
2020-01-22,Delhi,26.38,65.2,5.15,406.01,31.2,399.79,3106.25,35.83,2.17,Low
2020-01-23,Mumbai,26.42,83.78,13.62,417.17,56.3,382.43,2893.71,34.94,11.58,Low
2020-01-24,Chennai,30.32,74.97,4.68,411.46,69.3,454.38,2712.56,33.2,14.52,Low
2020-01-25,Mumbai,27.3,65.59,1.41,407.48,63.2,382.17,3081.29,33.89,0.0,Low
2020-01-26,Hyderabad,28.4,70.04,13.44,413.6,81.3,466.72,3190.93,33.1,14.24,Low
2020-01-27,Bengaluru,29.38,79.24,11.2,416.51,71.7,496.44,3139.28,35.23,12.63,Low
2020-01-28,Bengaluru,29.35,74.38,1.69,411.76,76.2,410.18,3009.37,24.61,9.66,Low
2020-01-29,Chennai,24.43,72.48,8.45,423.03,95.7,333.9,3051.27,40.2,7.42,Low
2020-01-30,Mumbai,30.21,67.77,11.77,404.28,71.2,425.63,3396.67,33.69,10.61,Low
2020-01-31,Bengaluru,28.83,62.52,7.99,408.03,61.3,375.63,3205.55,25.25,11.84,Low
2020-02-01,Delhi,29.15,72.7,2.19,403.5,56.8,416.73,2720.96,34.47,3.2,Low
2020-02-02,Chennai,28.71,60.19,5.19,423.03,100.4,415.75,3036.61,27.9,6.69,Low
2020-02-03,Delhi,26.42,62.03,3.63,413.0,79.4,348.28,2958.8,35.34,18.16,Low
2020-02-04,Chennai,30.8,64.97,8.17,411.2,38.6,420.32,3237.29,41.84,12.25,Low
2020-02-05,Bengaluru,30.79,72.67,28.46,414.96,80.8,486.55,2877.76,33.14,27.31,Moderate
2020-02-06,Chennai,27.74,62.9,9.25,413.81,57.1,444.38,2671.81,40.82,13.42,Low
2020-02-07,Bengaluru,31.48,63.53,4.52,425.35,94.9,482.14,2846.91,41.56,7.95,Moderate
2020-02-08,Bengaluru,28.22,71.72,4.84,412.99,64.7,383.18,3146.9,35.51,9.18,Low
2020-02-09,Chennai,31.65,75.92,9.17,403.24,54.9,431.41,3242.85,40.83,13.71,Low
2020-02-10,Mumbai,30.7,70.03,4.22,424.01,84.7,461.36,2713.58,37.56,3.81,Moderate
2020-02-11,Bengaluru,29.4,64.31,0.49,413.45,54.9,380.06,2770.29,33.35,5.35,Low
2020-02-12,Chennai,29.09,66.65,11.98,419.18,74.7,412.19,3018.5,23.76,6.51,Low
2020-02-13,Mumbai,29.1,62.01,23.0,420.98,67.0,416.05,2990.91,28.75,9.77,Low
2020-02-14,Delhi,27.87,71.49,1.12,416.95,54.4,467.56,2688.77,32.77,11.68,Low
2020-02-15,Chennai,31.34,61.12,0.51,414.97,71.0,437.33,2923.09,48.14,11.96,Moderate
2020-02-16,Mumbai,29.54,80.38,4.57,427.04,55.9,487.25,3305.04,29.81,10.55,Low
2020-02-17,Delhi,28.08,70.54,0.4,408.34,48.9,417.06,2988.46,33.38,6.91,Low
2020-02-18,Hyderabad,26.89,78.63,4.13,415.96,81.8,424.14,2914.68,22.55,8.07,Low
2020-02-19,Chennai,26.51,63.43,3.82,421.48,72.6,432.15,2950.48,29.38,14.13,Low
2020-02-20,Mumbai,27.03,72.74,2.05,415.83,115.2,378.52,3120.95,23.45,6.31,Low
2020-02-21,Chennai,31.69,55.41,19.42,403.64,59.3,488.18,2827.57,32.95,15.67,Moderate
2020-02-22,Mumbai,28.78,72.28,1.78,430.15,41.9,424.69,3056.95,26.0,7.27,Low
2020-02-23,Bengaluru,32.8,58.68,4.85,419.44,67.3,466.08,3196.74,30.74,29.54,Moderate
2020-02-24,Delhi,31.73,73.55,4.86,412.53,67.2,427.03,3272.83,35.45,16.5,Moderate
2020-02-25,Hyderabad,26.34,65.78,4.06,417.87,61.6,364.78,2499.77,36.23,8.64,Low
2020-02-26,Chennai,30.63,69.84,9.98,426.38,71.4,481.89,3270.17,33.61,5.89,Moderate
2020-02-27,Hyderabad,27.55,73.52,10.22,408.04,75.5,407.59,2713.64,25.72,19.04,Low
2020-02-28,Chennai,29.24,81.64,10.39,417.3,76.2,452.19,3384.79,28.38,17.43,Low
2020-02-29,Bengaluru,25.9,74.87,4.82,425.93,37.3,402.09,2549.72,28.99,7.0,Low
2020-03-01,Hyderabad,30.36,63.58,3.09,411.43,78.5,466.57,2967.78,31.36,6.76,Low
2020-03-02,Mumbai,32.0,73.02,7.23,416.83,51.2,440.05,3623.45,29.84,19.02,Moderate
2020-03-03,Chennai,31.66,69.1,5.76,416.9,61.1,505.31,3142.32,30.93,18.13,Moderate
2020-03-04,Hyderabad,29.9,54.65,2.55,413.98,62.0,416.64,2916.44,22.76,12.2,Low
2020-03-05,Mumbai,29.81,74.79,2.74,416.46,54.8,449.76,3135.09,25.5,8.14,Low
2020-03-06,Delhi,30.4,66.85,5.9,415.0,44.6,441.7,2912.53,31.88,11.25,Low
2020-03-07,Mumbai,29.36,67.02,2.93,415.96,79.7,449.08,3256.19,32.6,5.98,Low
2020-03-08,Bengaluru,31.51,59.91,2.69,416.63,29.4,418.18,3186.29,22.04,20.93,Low
2020-03-09,Bengaluru,30.11,73.87,3.56,418.5,78.9,419.24,3338.55,28.92,10.31,Low
2020-03-10,Bengaluru,32.88,70.68,8.1,422.06,97.0,550.47,3087.24,38.27,33.68,Moderate
2020-03-11,Mumbai,31.39,70.65,1.43,431.29,73.1,495.82,2977.68,31.4,12.71,Moderate
2020-03-12,Delhi,30.81,72.54,9.92,413.64,63.5,385.8,3004.24,31.7,14.83,Low
2020-03-13,Bengaluru,30.05,80.89,9.1,425.35,49.6,430.1,3260.81,28.97,16.55,Low
2020-03-14,Chennai,31.46,66.34,3.6,432.78,92.7,454.69,3305.61,27.91,11.74,Moderate
2020-03-15,Delhi,30.12,65.73,1.41,421.44,70.0,371.03,2996.13,25.47,0.0,Low
2020-03-16,Delhi,30.62,70.04,15.77,416.54,80.6,415.28,3158.84,31.35,14.85,Moderate
2020-03-17,Mumbai,33.09,69.29,3.98,418.0,92.6,512.21,3281.34,30.37,20.74,Moderate
2020-03-18,Mumbai,31.24,61.73,22.4,413.73,94.7,487.46,2994.13,35.36,17.13,Moderate
2020-03-19,Chennai,34.2,67.08,2.4,422.4,69.0,487.09,3232.11,34.19,41.56,Moderate
2020-03-20,Chennai,31.96,67.91,10.04,427.48,60.9,484.35,3125.62,25.61,25.79,Moderate
2020-03-21,Bengaluru,30.61,65.36,19.14,418.29,70.0,455.55,3107.53,21.94,7.76,Moderate
2020-03-22,Bengaluru,28.5,64.87,4.43,413.98,39.9,459.38,3269.25,27.69,12.09,Low
2020-03-23,Bengaluru,31.51,66.06,8.3,417.95,72.1,470.63,3469.63,29.0,9.22,Moderate
2020-03-24,Chennai,27.93,66.81,3.43,417.65,74.2,411.47,3062.17,35.47,6.34,Low
2020-03-25,Chennai,29.55,73.63,6.5,438.56,52.3,473.59,3286.56,26.98,14.9,Moderate
2020-03-26,Hyderabad,29.7,69.04,16.84,423.3,56.5,422.41,2834.49,33.7,12.49,Low
2020-03-27,Mumbai,30.7,70.86,8.46,418.48,74.8,458.84,3022.53,33.44,10.41,Moderate
2020-03-28,Mumbai,31.41,66.53,12.62,426.0,74.1,524.55,3130.1,28.96,19.66,Moderate
2020-03-29,Bengaluru,33.11,65.85,0.92,416.15,53.5,428.56,2762.41,26.68,29.74,Moderate
2020-03-30,Chennai,33.13,73.22,7.06,416.39,41.3,450.47,3024.87,36.77,36.25,Moderate
2020-03-31,Mumbai,29.29,72.81,5.12,427.36,58.1,377.79,2791.24,30.55,9.9,Low
2020-04-01,Delhi,33.1,74.28,2.98,435.51,71.8,437.71,3254.12,31.72,30.27,Moderate
2020-04-02,Mumbai,29.11,63.25,6.67,424.48,92.7,423.25,3151.58,33.91,12.78,Low
2020-04-03,Mumbai,32.44,66.73,2.0,432.15,108.5,478.21,3181.27,24.9,19.41,Moderate
2020-04-04,Hyderabad,28.96,72.37,0.59,421.53,62.6,437.15,3055.19,37.52,17.39,Low
2020-04-05,Mumbai,27.74,69.79,4.36,422.56,84.1,407.85,2645.59,30.42,17.23,Low
2020-04-06,Bengaluru,30.94,72.92,8.59,412.36,42.3,482.66,3300.51,16.42,15.14,Low
2020-04-07,Bengaluru,29.63,67.7,10.71,413.57,67.8,421.13,3078.46,26.76,7.1,Low
2020-04-08,Chennai,31.21,78.96,11.66,411.97,96.8,493.12,3323.63,29.24,13.1,Moderate
2020-04-09,Chennai,30.6,68.88,8.52,426.47,78.6,438.54,3199.71,36.07,4.12,Moderate
2020-04-10,Delhi,29.44,69.81,2.49,424.14,67.3,431.63,3334.92,33.97,15.06,Low
2020-04-11,Delhi,32.92,70.02,7.58,430.24,79.5,485.26,3343.56,29.35,18.15,Moderate
2020-04-12,Mumbai,33.01,56.95,19.51,421.21,36.7,452.75,3149.61,30.14,24.28,Moderate
2020-04-13,Bengaluru,32.83,58.16,5.8,418.97,64.5,463.89,3313.37,18.98,23.4,Moderate
2020-04-14,Chennai,35.16,63.66,3.7,427.31,65.0,504.16,3216.05,24.77,45.2,Moderate
2020-04-15,Mumbai,30.97,71.65,0.92,428.31,92.5,512.34,2945.43,26.83,15.75,Moderate
2020-04-16,Hyderabad,32.33,66.44,11.33,417.41,57.0,415.73,3056.52,34.46,18.42,Moderate
2020-04-17,Bengaluru,32.6,65.79,8.72,419.42,75.0,408.61,3134.68,26.59,21.71,Moderate
2020-04-18,Chennai,30.04,65.31,3.26,425.37,82.6,402.46,3112.7,24.82,5.59,Low
2020-04-19,Mumbai,32.29,69.01,11.96,426.29,83.2,472.82,3123.22,25.79,21.96,Moderate
2020-04-20,Delhi,32.54,56.57,16.95,440.10662803621824,129.26775143125988,853.7577659284532,3018.27,26.18,22.62,Moderate
2020-04-21,Mumbai,28.95,64.33,5.42,420.73,75.5,415.72,2709.66,29.9,13.61,Low
2020-04-22,Bengaluru,33.66,67.93,3.02,410.74,67.9,474.98,3256.54,22.48,32.25,Moderate
2020-04-23,Chennai,27.87,58.68,2.31,416.45,52.0,355.75,2675.52,38.43,9.15,Low
2020-04-24,Bengaluru,31.04,69.46,0.39,424.27,77.4,481.94,3265.81,23.18,10.28,Moderate
2020-04-25,Mumbai,31.93,66.0,15.2,419.5,62.2,533.72,3327.05,32.13,18.32,Moderate
2020-04-26,Bengaluru,29.0,71.89,13.05,426.86,81.0,433.44,2779.54,22.75,16.02,Low
2020-04-27,Bengaluru,28.11,70.78,6.75,419.73,66.8,430.78,3142.96,24.97,13.47,Low
2020-04-28,Hyderabad,31.4,62.23,11.02,428.24,82.2,428.89,3151.57,31.4,21.71,Moderate
2020-04-29,Bengaluru,31.07,64.01,8.14,415.65,78.8,466.25,3284.19,24.83,14.22,Moderate
2020-04-30,Delhi,26.22,80.11,5.79,432.57,52.8,398.16,2923.85,17.2,3.96,Low
2020-05-01,Delhi,27.35,66.31,0.91,419.25,55.3,416.36,2940.76,25.27,9.07,Low
2020-05-02,Delhi,30.05,81.86,1.19,421.17,61.0,493.13,2683.02,18.43,3.59,Low
2020-05-03,Mumbai,31.32,68.7,5.59,419.46,62.4,481.71,3113.5,33.96,14.12,Moderate
2020-05-04,Chennai,31.01,65.77,8.0,414.88,72.0,503.9,2772.92,27.57,5.66,Moderate
2020-05-05,Mumbai,30.25,69.22,8.04,421.43,44.5,473.34,3085.3,24.01,8.31,Low
2020-05-06,Hyderabad,29.21,75.5,5.17,418.98,68.2,452.99,3032.32,19.02,15.1,Low
2020-05-07,Mumbai,30.72,64.66,14.95,410.25,64.2,443.23,3261.94,25.32,11.23,Low
2020-05-08,Hyderabad,28.97,58.08,6.94,417.59,42.1,489.8,2901.14,27.77,1.96,Low
2020-05-09,Mumbai,30.65,70.13,5.06,422.61,55.0,444.87,3135.62,22.39,3.45,Low
2020-05-10,Hyderabad,28.36,59.98,14.52,422.3,59.0,410.98,2971.22,21.37,7.74,Low
2020-05-11,Hyderabad,30.8,69.96,8.05,414.37,102.6,458.26,3062.76,19.92,13.5,Moderate
2020-05-12,Hyderabad,28.7,66.59,19.08,414.09,53.7,475.74,3319.65,22.72,11.33,Low
2020-05-13,Mumbai,31.48,59.93,2.16,412.66,84.9,484.76,2972.06,22.7,11.37,Moderate
2020-05-14,Hyderabad,28.51,63.87,1.81,416.73,72.2,457.66,3262.87,20.78,5.77,Low
2020-05-15,Bengaluru,29.62,62.82,13.69,412.23,76.5,487.84,3126.73,25.17,18.94,Moderate
2020-05-16,Delhi,29.41,63.84,6.48,422.36,67.2,400.74,3114.79,29.51,15.65,Low
2020-05-17,Hyderabad,29.43,66.2,4.2,423.04,50.3,421.29,2932.25,25.4,0.03,Low
2020-05-18,Chennai,28.51,69.23,2.13,418.21,81.2,439.5,2707.9,19.95,9.59,Low
2020-05-19,Bengaluru,28.36,66.63,8.88,422.73,89.0,473.42,2571.48,27.0,15.35,Low
2020-05-20,Delhi,30.25,71.33,2.9,416.21,82.7,481.31,2930.24,22.52,10.89,Moderate
2020-05-21,Chennai,32.43,65.04,7.02,421.64,93.8,493.27,3112.2,27.85,21.19,Moderate
2020-05-22,Chennai,28.03,78.7,5.84,472.7911422319828,155.44609438691296,881.3857991105599,3037.58,29.95,3.23,Low
2020-05-23,Mumbai,33.75,62.06,4.04,422.73,81.7,474.98,3246.67,28.74,36.93,Moderate
2020-05-24,Hyderabad,29.68,73.27,10.7,415.8,62.3,437.81,3378.37,18.5,0.0,Low
2020-05-25,Chennai,30.83,71.29,5.13,429.8,45.9,458.98,3138.06,13.51,3.23,Low
2020-05-26,Chennai,31.47,55.7,3.15,417.19,80.6,508.33,3075.92,15.66,19.8,Moderate
2020-05-27,Hyderabad,31.15,74.02,7.62,432.75,111.4,452.13,3008.17,23.42,17.97,Moderate
2020-05-28,Bengaluru,32.68,67.02,19.71,410.72,70.0,436.83,3373.98,27.6,34.66,Moderate
2020-05-29,Hyderabad,32.65,61.99,2.11,419.2,83.0,478.24,3281.28,24.76,24.2,Moderate
2020-05-30,Mumbai,27.81,58.22,16.65,483.9802001017475,119.85997610018012,741.2972121795814,3069.62,22.09,6.53,Low
2020-05-31,Bengaluru,29.87,63.24,2.44,407.21,53.3,461.89,3137.53,21.86,17.02,Low
2020-06-01,Bengaluru,29.05,84.28,4.46,410.47,44.8,423.05,3203.41,18.67,6.37,Low
2020-06-02,Chennai,28.47,68.18,17.44,428.96,50.0,388.03,3290.94,26.95,8.77,Low
2020-06-03,Chennai,28.69,81.21,29.02,419.45,77.0,369.11,2983.18,24.02,10.38,Low
2020-06-04,Hyderabad,26.66,82.46,14.45,427.8,81.7,445.03,2955.6,16.41,14.59,Low
2020-06-05,Hyderabad,27.41,75.17,8.81,414.07,45.3,436.2,3096.49,16.77,2.89,Low
2020-06-06,Bengaluru,30.98,63.22,8.25,414.86,67.5,470.85,2967.51,23.05,11.17,Moderate
2020-06-07,Mumbai,29.56,71.81,5.64,422.9,66.9,390.01,2939.76,19.07,5.47,Low
2020-06-08,Chennai,29.06,71.08,3.23,414.89,90.6,436.95,3030.29,19.48,6.14,Low
2020-06-09,Delhi,29.1,70.07,2.04,417.27,86.8,415.62,3182.04,20.41,17.1,Low
2020-06-10,Hyderabad,28.92,65.17,6.77,420.77,74.5,438.91,2994.28,17.55,8.9,Low
2020-06-11,Mumbai,27.59,72.96,14.79,419.98,39.5,443.18,3046.56,25.58,5.79,Low
2020-06-12,Delhi,31.66,72.29,2.99,428.51,66.2,498.5,3416.84,24.59,15.64,Moderate
2020-06-13,Bengaluru,26.96,69.5,10.03,417.93,53.1,445.88,2916.11,34.64,11.44,Low
2020-06-14,Hyderabad,30.57,59.56,2.19,415.7,60.6,458.44,3374.22,18.63,5.8,Low
2020-06-15,Hyderabad,27.44,63.61,3.86,431.65,79.3,424.43,3000.02,26.61,9.37,Low
2020-06-16,Delhi,27.95,61.19,23.87,419.4,40.4,425.19,2925.19,28.65,12.75,Low
2020-06-17,Chennai,26.74,65.89,3.2,425.55,67.7,454.66,2893.34,15.05,6.42,Low
2020-06-18,Chennai,27.73,77.61,7.8,414.12,59.5,450.46,3006.25,23.06,8.75,Low
2020-06-19,Chennai,25.43,66.15,10.69,416.21,60.6,402.73,2873.75,21.73,8.01,Low
2020-06-20,Chennai,29.29,72.05,7.81,424.85,72.1,451.63,2670.85,11.32,15.35,Low
2020-06-21,Chennai,28.99,65.09,11.05,412.45,67.8,466.94,3314.54,13.58,4.14,Low
2020-06-22,Mumbai,25.92,68.85,5.08,422.64,72.2,426.0,3065.23,22.81,17.39,Low
2020-06-23,Mumbai,29.28,77.87,0.69,418.0,73.6,402.1,3163.56,19.09,15.76,Low
2020-06-24,Bengaluru,31.06,67.19,3.97,421.13,46.1,448.03,3319.25,14.46,14.3,Moderate
2020-06-25,Hyderabad,26.34,75.26,4.94,424.92,93.2,398.41,2743.39,28.22,0.79,Low
2020-06-26,Delhi,23.81,75.87,6.97,417.35,46.0,361.99,2736.0,21.83,4.86,Low
2020-06-27,Delhi,26.4,77.05,4.56,406.66,64.8,322.33,3337.41,25.12,7.55,Low
2020-06-28,Chennai,28.5,62.89,2.43,422.51,59.3,451.14,2790.38,12.06,9.96,Low
2020-06-29,Hyderabad,27.4,76.53,1.14,420.73,99.2,433.71,2930.2,22.38,8.9,Low
2020-06-30,Chennai,31.77,72.48,15.21,414.15,90.4,480.86,3342.03,17.27,23.04,Moderate
2020-07-01,Mumbai,28.55,75.0,4.22,420.57,72.3,460.29,2962.82,26.46,3.02,Low
2020-07-02,Bengaluru,28.22,70.58,5.92,423.61,79.7,338.89,2831.26,14.87,7.89,Low
2020-07-03,Mumbai,27.14,76.04,3.3,429.59,48.1,466.59,3204.44,20.49,16.47,Low
2020-07-04,Delhi,30.26,75.2,0.1,410.54,87.7,430.53,3050.39,16.05,12.56,Moderate
2020-07-05,Bengaluru,23.99,64.85,1.27,418.75,46.2,337.9,3071.79,17.67,7.04,Low
2020-07-06,Mumbai,26.44,67.54,12.98,420.56,69.8,394.6,2961.73,16.64,14.07,Low
2020-07-07,Delhi,26.5,67.39,4.19,415.73,83.4,432.37,3122.19,13.38,11.33,Low
2020-07-08,Delhi,26.75,67.58,2.79,414.71,56.9,378.13,2817.86,23.1,4.1,Low
2020-07-09,Hyderabad,23.02,63.93,2.7,412.58,81.9,338.11,2824.93,13.76,10.35,Low
2020-07-10,Hyderabad,23.69,72.82,1.07,418.13,62.6,408.01,2800.84,4.11,12.14,Low
2020-07-11,Bengaluru,27.32,60.08,1.45,413.7,51.0,419.09,2889.41,18.96,0.73,Low
2020-07-12,Bengaluru,24.04,65.39,7.2,423.27,60.7,316.68,2745.5,21.86,12.28,Low
2020-07-13,Delhi,27.75,69.26,1.15,407.42,87.1,400.24,2923.62,19.73,6.49,Low
2020-07-14,Bengaluru,24.59,71.91,19.2,406.09,63.0,393.32,2821.95,14.28,10.06,Low
2020-07-15,Bengaluru,25.07,61.03,2.45,407.03,49.2,308.51,2935.92,12.5,9.65,Low
2020-07-16,Mumbai,28.04,66.81,4.61,411.93,61.4,361.06,2698.63,23.39,6.96,Low
2020-07-17,Hyderabad,25.9,70.22,4.98,409.61,61.2,413.7,2803.83,21.53,9.52,Low
2020-07-18,Mumbai,26.76,65.23,5.09,412.19,74.9,372.77,2721.5,22.04,4.6,Low
2020-07-19,Mumbai,27.3,77.12,4.72,414.25,65.8,387.58,2668.34,25.45,13.68,Low
2020-07-20,Bengaluru,28.16,79.27,16.49,419.16,78.9,430.86,3321.9,7.46,6.51,Low
2020-07-21,Bengaluru,25.51,79.15,9.34,421.97,74.8,387.92,2621.79,12.3,6.47,Low
2020-07-22,Delhi,26.45,69.07,2.69,414.42,81.5,400.92,3115.96,20.66,3.47,Low
2020-07-23,Delhi,27.16,66.7,2.99,408.87,68.5,428.62,2982.2,15.95,13.34,Low
2020-07-24,Delhi,21.77,62.5,4.86,413.95,90.5,354.7,2619.98,15.48,17.26,Low
2020-07-25,Chennai,23.48,65.89,3.53,399.3,53.4,359.26,2809.89,16.25,5.07,Low
2020-07-26,Hyderabad,25.06,71.67,9.94,413.8,83.1,387.65,3112.11,18.49,11.0,Low
2020-07-27,Hyderabad,24.63,74.38,6.14,401.42,53.3,350.17,2891.78,31.51,10.11,Low
2020-07-28,Mumbai,25.94,75.61,5.75,411.41,73.7,410.93,2771.94,9.72,1.21,Low
2020-07-29,Chennai,26.86,69.24,5.36,416.57,69.0,411.44,2711.99,19.83,22.47,Low
2020-07-30,Hyderabad,23.53,70.5,15.17,420.57,72.5,317.12,2705.67,18.89,9.16,Low
2020-07-31,Mumbai,24.93,72.82,2.17,416.04,72.6,428.48,2539.1,14.8,7.55,Low
2020-08-01,Hyderabad,27.75,64.67,12.56,416.0,68.1,442.74,2662.38,14.71,9.98,Low
2020-08-02,Hyderabad,26.22,67.0,0.44,474.92740227351186,148.38443410545347,865.0480619379547,2971.29,25.8,13.25,Low
2020-08-03,Bengaluru,24.14,69.12,7.39,416.54,83.4,397.06,3172.53,6.53,3.43,Low
2020-08-04,Mumbai,24.52,70.99,9.63,405.87,64.7,434.59,2904.64,12.88,9.33,Low
2020-08-05,Bengaluru,24.91,72.45,5.09,408.3,63.2,458.35,3062.01,11.69,9.89,Low
2020-08-06,Delhi,25.23,65.42,5.97,410.06,63.6,386.13,2779.88,18.33,0.0,Low
2020-08-07,Bengaluru,20.25,67.28,0.37,416.21,88.0,312.54,2760.51,27.32,7.2,Low
2020-08-08,Mumbai,21.25,66.6,3.51,410.63,53.6,380.21,2764.84,18.34,19.24,Low
2020-08-09,Bengaluru,23.98,77.41,7.3,420.46,50.6,310.55,3296.66,8.14,9.1,Low
2020-08-10,Chennai,25.7,78.64,3.04,410.26,50.5,378.81,3090.81,19.3,11.78,Low
2020-08-11,Chennai,20.13,76.63,4.45,427.95,99.8,368.49,3085.86,28.81,8.66,Low
2020-08-12,Delhi,23.27,72.68,10.4,413.13,75.5,359.92,2979.05,12.74,12.01,Low
2020-08-13,Hyderabad,21.88,72.77,2.92,400.64,61.2,370.07,2713.19,14.92,9.68,Low
2020-08-14,Bengaluru,26.37,72.85,20.78,413.09,62.7,391.41,3003.84,9.83,14.93,Low
2020-08-15,Bengaluru,22.06,72.7,2.31,409.18,40.1,371.64,3272.58,19.52,16.77,Low
2020-08-16,Hyderabad,21.85,69.95,1.11,412.38,63.7,313.35,2540.93,16.0,0.0,Low
2020-08-17,Hyderabad,22.43,64.34,0.69,418.45,56.6,344.63,2644.73,26.42,12.95,Low
2020-08-18,Hyderabad,22.1,69.82,1.38,410.08,47.0,332.9,2909.25,14.86,11.15,Low
2020-08-19,Mumbai,18.58,72.86,3.08,418.62,81.7,321.63,2614.08,15.5,13.66,Low
2020-08-20,Bengaluru,29.08,65.7,1.65,408.1,49.0,418.85,3038.06,16.21,17.81,Low
2020-08-21,Hyderabad,22.87,63.11,7.16,403.14,64.1,400.2,2721.67,23.88,1.27,Low
2020-08-22,Hyderabad,22.37,73.1,2.76,425.01,39.6,360.73,2573.26,9.55,10.75,Low
2020-08-23,Bengaluru,23.09,57.86,0.63,413.87,39.3,397.05,2824.27,15.42,17.37,Low
2020-08-24,Bengaluru,23.09,67.32,0.83,404.62,67.8,352.69,3147.34,13.73,3.66,Low
2020-08-25,Bengaluru,23.39,62.89,6.26,416.94,84.4,322.29,2944.13,15.63,13.92,Low
2020-08-26,Hyderabad,24.38,81.67,3.06,425.75,69.3,413.46,3056.8,18.14,2.15,Low
2020-08-27,Mumbai,22.28,68.91,2.1,419.8,86.5,351.0,2861.23,10.5,10.0,Low
2020-08-28,Chennai,24.19,63.71,6.25,422.31,56.4,418.64,2467.19,13.02,0.0,Low
2020-08-29,Delhi,24.45,68.39,5.16,405.14,58.4,363.39,2699.09,25.69,15.66,Low
2020-08-30,Delhi,21.8,66.07,2.8,412.59,25.1,296.27,3148.56,19.68,11.9,Low
2020-08-31,Chennai,22.01,76.24,1.24,398.89,34.4,369.53,2686.7,26.23,13.15,Low
2020-09-01,Chennai,24.27,66.17,3.31,413.69,71.3,396.16,3002.34,13.89,8.75,Low
2020-09-02,Chennai,21.38,79.31,3.26,401.48,30.7,403.91,2823.52,18.09,12.11,Low
2020-09-03,Chennai,26.47,74.39,3.89,412.26,64.6,401.68,3053.93,11.41,10.3,Low
2020-09-04,Hyderabad,23.38,75.98,2.58,407.91,65.2,396.39,2763.25,20.16,0.0,Low
2020-09-05,Chennai,21.83,69.96,2.48,411.12,50.8,386.11,2834.94,30.59,11.02,Low
2020-09-06,Delhi,24.42,67.08,1.1,401.54,64.5,401.06,2593.31,23.64,10.95,Low
2020-09-07,Delhi,27.23,60.24,3.29,407.92,62.2,389.9,2992.91,12.49,17.56,Low
2020-09-08,Chennai,19.9,65.9,4.04,424.25,90.7,330.67,2602.7,17.56,13.12,Low
2020-09-09,Chennai,25.7,77.47,3.73,414.61,67.0,434.03,3311.53,14.47,10.34,Low
2020-09-10,Bengaluru,23.41,72.22,7.24,400.75,67.9,362.59,2900.8,9.9,8.43,Low
2020-09-11,Delhi,22.13,77.33,5.13,403.9,60.4,312.05,2734.47,20.07,12.34,Low
2020-09-12,Hyderabad,22.97,58.05,11.36,406.67,75.1,370.36,2455.28,14.81,16.99,Low
2020-09-13,Bengaluru,25.16,57.85,1.92,458.1466959766907,129.16637589775533,619.4016453682145,3100.0,20.08,14.26,Low
2020-09-14,Hyderabad,24.84,61.69,7.8,414.83,75.8,374.65,2520.49,17.53,4.22,Low
2020-09-15,Chennai,26.36,73.82,4.17,393.86,56.8,376.19,3024.16,22.47,9.04,Low
2020-09-16,Chennai,24.45,72.57,0.29,408.75,84.4,440.01,2822.9,20.31,5.79,Low
2020-09-17,Hyderabad,22.0,75.36,8.03,409.93,60.1,379.74,2868.22,11.31,8.61,Low
2020-09-18,Chennai,23.68,74.22,4.02,418.6,76.5,355.93,3056.09,22.26,16.33,Low
2020-09-19,Chennai,19.6,76.41,5.11,404.88,70.2,280.08,3103.27,17.35,22.93,Low
2020-09-20,Chennai,24.44,72.18,2.27,412.39,96.4,383.49,2843.85,22.42,17.65,Low
2020-09-21,Delhi,22.98,75.34,1.85,400.87,50.4,332.9,3020.04,20.77,6.14,Low
2020-09-22,Hyderabad,23.12,82.71,2.13,399.95,56.7,254.84,3033.15,22.42,7.85,Low
2020-09-23,Delhi,25.86,70.24,0.88,418.43,74.5,457.16,2740.67,18.57,7.75,Low
2020-09-24,Hyderabad,24.73,74.43,5.0,401.58,85.8,354.4,2883.64,19.61,3.34,Low
2020-09-25,Bengaluru,25.96,58.35,3.48,412.66,54.3,419.24,2840.17,22.01,10.74,Low
2020-09-26,Chennai,24.99,71.95,0.74,404.2,41.5,385.65,2930.95,21.67,15.44,Low
2020-09-27,Mumbai,24.57,74.37,11.77,408.47,64.5,401.48,2963.67,13.05,7.96,Low
2020-09-28,Delhi,27.18,64.88,4.73,408.34,61.7,421.89,3122.06,22.1,10.08,Low
2020-09-29,Chennai,20.2,59.86,1.5,422.55,71.1,300.06,2775.52,21.8,11.42,Low
2020-09-30,Delhi,23.09,64.13,3.7,409.95,66.4,331.48,3004.77,21.34,8.23,Low
2020-10-01,Chennai,22.02,78.57,9.86,415.69,63.3,314.75,2937.54,18.08,10.16,Low
2020-10-02,Delhi,22.2,64.47,5.92,414.37,79.0,384.21,2953.76,27.89,2.88,Low
2020-10-03,Hyderabad,23.32,59.92,3.24,412.04,33.8,358.64,2699.16,19.15,0.89,Low
2020-10-04,Bengaluru,23.03,62.48,0.39,412.09,41.5,386.46,2833.81,28.52,13.87,Low
2020-10-05,Delhi,23.06,65.86,6.04,402.29,60.3,373.65,2828.71,10.12,4.93,Low
2020-10-06,Mumbai,20.65,75.18,1.03,412.45,45.3,284.13,2870.57,19.87,7.36,Low
2020-10-07,Hyderabad,23.89,77.34,0.38,400.5,45.1,375.94,2954.93,5.24,8.9,Low
2020-10-08,Mumbai,23.87,77.35,0.96,411.16,48.6,414.51,3053.55,19.03,12.78,Low
2020-10-09,Chennai,19.72,73.65,1.41,401.79,73.0,318.41,3001.91,25.14,7.9,Low
2020-10-10,Bengaluru,21.68,70.51,3.73,407.96,88.8,349.59,2908.04,27.89,21.54,Low
2020-10-11,Bengaluru,22.84,62.06,0.79,417.65,59.9,369.9,2634.64,23.01,7.63,Low
2020-10-12,Mumbai,20.48,70.09,2.33,412.51,63.2,374.02,2637.92,14.34,4.99,Low
2020-10-13,Delhi,20.51,69.46,16.94,415.71,59.7,333.3,2599.48,27.39,11.1,Low
2020-10-14,Delhi,24.41,76.78,3.32,413.93,76.5,396.46,3095.75,11.98,8.36,Low
2020-10-15,Mumbai,22.93,66.01,1.97,404.52,82.2,380.1,3033.32,24.42,8.71,Low
2020-10-16,Hyderabad,24.18,64.54,7.56,408.06,60.4,276.04,3094.16,22.78,15.63,Low
2020-10-17,Delhi,23.27,73.1,9.68,411.73,69.7,378.31,2793.18,23.48,17.06,Low
2020-10-18,Bengaluru,21.97,77.1,3.89,420.73,48.0,346.6,2885.03,21.64,8.12,Low
2020-10-19,Hyderabad,23.42,64.69,1.52,413.03,93.7,403.02,2699.94,35.33,20.28,Low
2020-10-20,Bengaluru,23.76,84.82,4.25,410.99,62.9,362.77,3059.53,29.43,15.99,Low
2020-10-21,Mumbai,19.25,65.37,2.65,419.07,56.3,344.06,2985.99,18.49,9.45,Low
2020-10-22,Mumbai,23.05,73.68,2.75,427.83,76.9,349.3,3193.62,26.27,7.08,Low
2020-10-23,Chennai,20.95,70.45,6.38,409.95,38.0,347.21,2643.2,24.51,11.64,Low
2020-10-24,Mumbai,25.53,59.09,5.41,419.51,53.0,351.9,2843.69,21.39,0.85,Low
2020-10-25,Delhi,22.92,78.56,1.54,420.08,60.5,337.83,2664.49,23.15,11.71,Low
2020-10-26,Bengaluru,25.01,68.01,4.29,411.48,28.8,324.95,2410.9,23.48,13.38,Low
2020-10-27,Mumbai,25.15,76.71,12.66,412.52,56.6,346.35,3239.28,20.94,10.14,Low
2020-10-28,Bengaluru,25.64,61.23,0.56,415.36,64.1,410.25,2705.49,16.37,11.94,Low
2020-10-29,Mumbai,23.73,66.43,2.04,416.42,84.0,351.19,3029.46,34.75,0.32,Low
2020-10-30,Hyderabad,23.67,70.53,2.58,411.26,40.0,316.77,3289.99,20.8,17.23,Low
2020-10-31,Mumbai,24.21,72.56,2.53,411.81,69.3,378.84,2861.78,22.38,12.02,Low
2020-11-01,Bengaluru,21.13,72.63,3.62,418.39,49.3,331.74,2826.82,30.17,8.6,Low
2020-11-02,Hyderabad,22.56,64.39,3.91,429.39,67.8,349.01,2873.65,24.23,4.31,Low
2020-11-03,Mumbai,22.56,77.15,2.75,417.88,76.1,436.54,2577.5,34.31,11.19,Low
2020-11-04,Bengaluru,24.94,62.69,1.48,417.58,91.1,398.89,3071.19,32.47,0.0,Low
2020-11-05,Chennai,24.4,66.31,0.58,407.58,55.2,299.27,2924.55,25.73,10.72,Low
2020-11-06,Chennai,25.17,64.4,8.35,411.87,93.2,390.29,3022.09,29.9,14.3,Low
2020-11-07,Chennai,24.44,75.07,1.89,408.9,57.2,411.16,2895.91,29.76,14.92,Low
2020-11-08,Delhi,24.31,82.68,6.01,419.17,77.8,360.19,3396.43,23.9,20.15,Low
2020-11-09,Mumbai,24.79,73.42,6.63,415.33,51.8,410.93,2834.23,24.85,14.35,Low
2020-11-10,Delhi,20.65,70.12,1.72,413.39,55.9,347.17,2682.45,23.99,0.0,Low
2020-11-11,Delhi,24.51,72.64,3.94,416.98,47.3,416.3,2738.31,33.77,1.62,Low
2020-11-12,Hyderabad,22.78,72.45,1.4,419.23,68.1,337.92,3018.06,23.14,3.73,Low
2020-11-13,Bengaluru,22.2,66.85,1.74,410.64,58.8,343.31,3028.46,30.64,7.11,Low
2020-11-14,Hyderabad,24.46,74.12,7.63,411.19,97.9,416.13,3237.53,27.4,10.67,Low
2020-11-15,Delhi,26.45,62.03,9.48,414.94,81.4,362.43,3239.24,35.78,16.13,Low
2020-11-16,Delhi,25.88,73.48,7.36,419.25,49.8,354.68,2875.78,27.35,9.49,Low
2020-11-17,Hyderabad,23.81,56.6,8.34,402.38,49.0,307.65,2912.17,28.58,3.3,Low
2020-11-18,Hyderabad,24.92,73.58,16.46,417.26,78.7,388.52,3016.96,37.36,0.0,Low
2020-11-19,Mumbai,24.75,68.91,3.46,422.94,62.5,377.16,3072.37,30.53,19.2,Low
2020-11-20,Hyderabad,25.67,66.8,13.37,409.94,74.3,426.56,2972.47,26.47,3.95,Low
2020-11-21,Mumbai,25.67,64.98,0.46,416.48,77.7,340.95,2873.28,26.28,10.35,Low
2020-11-22,Chennai,25.74,69.25,5.02,419.43,99.2,425.9,2713.5,28.6,7.43,Low
2020-11-23,Delhi,26.89,67.22,3.77,424.63,85.4,417.28,2616.93,27.76,8.01,Low
2020-11-24,Mumbai,24.5,73.41,3.8,408.72,60.5,346.4,2960.48,37.48,6.63,Low
2020-11-25,Chennai,26.51,68.33,3.64,422.78,73.7,395.17,3132.59,28.56,10.03,Low
2020-11-26,Bengaluru,25.25,72.99,12.93,414.06,72.0,454.93,3139.75,28.72,6.54,Low
2020-11-27,Bengaluru,25.84,75.01,1.77,418.62,90.1,434.9,3281.39,24.05,7.51,Low
2020-11-28,Bengaluru,23.56,74.97,13.53,419.41,55.4,414.29,2975.97,24.2,5.47,Low
2020-11-29,Delhi,26.59,59.34,19.52,407.7,85.0,385.8,2776.21,27.81,13.82,Low
2020-11-30,Hyderabad,26.26,68.45,3.41,425.21,93.4,463.96,2737.49,22.67,7.0,Low
2020-12-01,Chennai,24.08,76.19,3.44,424.54,90.4,440.72,2895.81,23.64,11.08,Low
2020-12-02,Hyderabad,23.49,68.18,2.28,429.98,72.0,404.0,3019.55,31.94,14.37,Low
2020-12-03,Hyderabad,20.93,72.9,1.2,427.17,75.4,308.06,2673.89,33.06,8.59,Low
2020-12-04,Delhi,24.29,69.44,8.97,418.16,92.3,346.04,2731.51,34.24,14.41,Low
2020-12-05,Hyderabad,24.3,73.54,6.61,414.35,76.4,371.48,2743.17,22.95,14.74,Low
2020-12-06,Hyderabad,23.84,67.61,4.16,418.63,96.9,389.38,2639.3,25.27,15.97,Low
2020-12-07,Bengaluru,29.4,70.56,3.17,410.26,36.5,497.41,3166.9,30.45,7.82,Low
2020-12-08,Chennai,22.4,77.15,10.17,422.3,58.5,317.35,2963.59,37.21,5.69,Low
2020-12-09,Chennai,23.82,60.57,4.2,417.29,81.3,357.2,2785.85,32.46,12.21,Low
2020-12-10,Hyderabad,24.44,73.48,7.74,423.15,65.4,340.54,2949.91,25.96,10.3,Low
2020-12-11,Mumbai,27.7,70.14,7.73,416.96,55.0,384.63,2869.57,36.15,13.78,Low
2020-12-12,Mumbai,23.97,69.13,1.85,407.79,58.1,368.45,2595.62,29.57,12.08,Low
2020-12-13,Hyderabad,26.82,79.57,1.77,413.52,62.7,424.5,3041.33,33.88,13.21,Low
2020-12-14,Mumbai,26.86,66.9,8.17,416.26,72.9,375.04,2906.67,26.92,14.0,Low
2020-12-15,Bengaluru,28.25,72.06,2.2,421.03,87.0,458.2,3040.31,27.26,5.69,Low
2020-12-16,Chennai,27.12,69.84,6.4,419.11,73.2,464.5,3146.92,27.8,2.32,Low
2020-12-17,Mumbai,26.99,61.61,6.84,429.36,101.0,393.54,3405.06,28.42,9.62,Low
2020-12-18,Delhi,28.66,59.0,11.9,409.38,61.6,445.33,2937.64,29.65,18.43,Low
2020-12-19,Mumbai,24.97,76.3,11.47,426.07,89.2,401.51,2853.99,37.31,8.6,Low
2020-12-20,Mumbai,27.93,79.35,4.1,407.26,62.6,387.71,2937.84,32.13,19.3,Low
2020-12-21,Chennai,24.54,66.1,7.13,424.38,50.6,394.65,2918.75,28.91,14.32,Low
2020-12-22,Delhi,24.43,66.3,4.63,420.39,98.1,380.09,3066.53,38.79,10.03,Low
2020-12-23,Chennai,28.92,67.11,2.56,422.31,75.8,456.39,3122.99,33.45,8.05,Low
2020-12-24,Bengaluru,26.46,88.14,1.37,428.85,34.5,332.55,3095.95,20.78,14.67,Low
2020-12-25,Chennai,29.29,61.16,7.54,420.55,82.3,425.96,2799.04,22.79,11.76,Low
2020-12-26,Hyderabad,25.44,64.47,3.3,424.31,74.1,380.55,2817.01,32.59,6.66,Low
2020-12-27,Chennai,26.73,71.99,0.44,422.76,52.5,410.37,2992.99,28.27,15.32,Low
2020-12-28,Delhi,26.66,57.34,2.06,412.89,110.0,378.96,2722.8,37.08,19.32,Low
2020-12-29,Bengaluru,25.94,75.86,5.69,424.46,83.0,422.26,3061.06,34.84,9.63,Low
2020-12-30,Bengaluru,28.14,63.2,4.61,422.56,63.3,337.65,3166.4,31.83,9.8,Low
2020-12-31,Bengaluru,29.12,63.46,6.31,423.87,63.8,434.08,3099.37,38.66,14.25,Low
2021-01-01,Mumbai,27.06,68.93,2.42,421.76,76.2,408.51,3101.73,31.14,7.81,Low
2021-01-02,Hyderabad,27.85,63.97,5.4,417.64,84.8,389.47,3261.74,28.63,12.07,Low
2021-01-03,Chennai,29.91,74.34,10.68,429.28,89.1,536.57,3117.21,34.79,11.98,Moderate
2021-01-04,Delhi,30.4,64.44,10.19,420.61,61.9,431.05,3233.61,32.34,18.72,Moderate
2021-01-05,Delhi,27.1,62.62,7.49,433.75,71.6,418.63,3065.67,30.89,16.12,Low
2021-01-06,Bengaluru,23.12,73.01,6.66,439.87,65.5,378.56,2955.71,27.98,3.8,Low
2021-01-07,Delhi,27.91,70.88,1.04,434.58,61.7,438.02,2993.07,38.93,22.55,Low
2021-01-08,Hyderabad,27.35,72.75,6.7,418.6,87.6,440.99,2760.89,33.68,17.89,Low
2021-01-09,Delhi,31.69,78.03,3.56,425.36,51.0,442.34,3166.46,33.18,20.19,Moderate
2021-01-10,Hyderabad,29.77,58.54,9.26,429.25,71.3,455.52,3315.47,32.3,7.21,Low
2021-01-11,Hyderabad,32.19,72.01,8.75,421.16,68.7,477.76,3429.92,26.48,29.43,Moderate
2021-01-12,Mumbai,30.18,64.11,19.53,437.47,96.0,503.27,2979.39,27.62,11.4,Moderate
2021-01-13,Bengaluru,27.58,65.58,11.85,430.41,76.7,425.14,3229.91,37.6,11.63,Low
2021-01-14,Delhi,30.21,69.52,13.24,424.82,88.7,442.57,2964.1,44.83,5.27,Moderate
2021-01-15,Mumbai,26.39,59.73,3.2,420.24,87.8,327.09,3264.28,27.88,10.03,Low
2021-01-16,Delhi,27.21,79.9,4.69,426.33,69.3,403.75,2980.51,40.37,13.96,Low
2021-01-17,Bengaluru,27.23,61.66,5.72,426.82,59.6,437.25,2850.71,33.52,0.0,Low
2021-01-18,Chennai,31.34,74.45,8.61,431.48,79.4,480.84,3292.23,32.47,16.87,Moderate
2021-01-19,Mumbai,25.14,76.79,6.3,432.71,54.7,412.24,3109.01,33.07,9.18,Low
2021-01-20,Bengaluru,27.26,67.55,9.46,424.5,79.3,485.06,2914.87,37.66,18.15,Low
2021-01-21,Bengaluru,29.39,69.53,2.49,416.98,93.2,509.19,3263.28,37.01,11.58,Moderate
2021-01-22,Hyderabad,32.14,70.44,9.7,416.28,65.4,444.89,3171.56,31.62,17.42,Moderate
2021-01-23,Bengaluru,29.14,74.49,7.28,427.65,87.9,393.09,2967.26,30.35,8.1,Low
2021-01-24,Mumbai,30.15,74.92,2.86,419.57,65.7,456.66,3051.25,37.39,16.61,Moderate
2021-01-25,Bengaluru,30.64,72.64,7.2,435.94,66.2,467.16,3148.65,31.71,15.09,Moderate
2021-01-26,Mumbai,28.33,74.37,7.03,427.54,80.9,419.1,2920.67,38.18,8.05,Low
2021-01-27,Bengaluru,31.86,63.04,12.51,429.66,56.4,419.1,3108.69,37.05,21.9,Moderate
2021-01-28,Bengaluru,29.16,64.76,14.7,426.14,59.1,469.94,2890.77,36.37,9.88,Low
2021-01-29,Chennai,33.37,71.43,2.25,438.45,67.6,526.66,3059.91,44.82,31.67,Moderate
2021-01-30,Bengaluru,30.92,60.25,7.81,418.58,53.5,360.36,3178.04,29.82,9.62,Low
2021-01-31,Hyderabad,29.88,58.78,0.8,427.58,64.7,431.55,2760.28,27.19,10.18,Low
2021-02-01,Hyderabad,28.47,73.85,4.22,432.92,87.0,434.56,2791.82,32.52,10.66,Low
2021-02-02,Hyderabad,27.54,79.91,5.69,441.25,102.5,433.82,3121.0,29.62,7.33,Low
2021-02-03,Hyderabad,32.52,78.58,13.27,418.28,64.4,479.96,3285.16,35.93,21.31,Moderate
2021-02-04,Chennai,30.79,72.44,1.91,433.28,98.2,432.6,3175.66,30.87,2.12,Moderate
2021-02-05,Bengaluru,28.91,67.97,10.39,437.97,67.9,397.01,3116.16,35.43,10.67,Low
2021-02-06,Chennai,28.18,67.13,1.66,429.46,98.4,403.43,3199.79,33.35,8.2,Low
2021-02-07,Chennai,31.99,64.03,3.17,439.99,89.1,496.64,3096.8,34.55,20.05,Moderate
2021-02-08,Delhi,30.35,71.65,2.5,440.12,100.0,560.13,3030.56,28.18,13.67,Moderate
2021-02-09,Bengaluru,27.41,72.91,11.36,436.72,82.6,361.5,3021.36,32.8,4.7,Low
2021-02-10,Delhi,28.61,70.68,8.79,426.05,95.0,354.08,2895.27,29.53,13.98,Low
2021-02-11,Delhi,31.3,65.91,4.81,430.24,58.0,480.65,2956.03,33.21,9.29,Moderate
2021-02-12,Mumbai,29.91,66.91,18.6,427.65,63.2,432.81,2878.88,34.35,6.29,Low
2021-02-13,Bengaluru,31.43,74.07,8.36,430.4,75.1,428.03,3164.45,38.34,14.28,Moderate
2021-02-14,Delhi,30.93,75.75,6.39,439.01,90.4,481.41,3177.25,30.03,9.7,Moderate
2021-02-15,Hyderabad,28.16,72.47,7.24,432.57,103.9,414.57,2996.8,38.28,7.71,Low
2021-02-16,Chennai,27.29,70.05,9.43,438.44,79.9,414.79,3104.93,29.22,8.19,Low
2021-02-17,Hyderabad,32.27,63.24,6.92,431.87,58.7,442.28,3134.44,32.13,24.81,Moderate
2021-02-18,Hyderabad,27.19,75.74,11.59,432.21,66.5,407.96,3143.63,32.91,4.3,Low
2021-02-19,Hyderabad,26.43,66.65,1.76,430.05,69.9,398.57,2907.75,22.78,5.01,Low
2021-02-20,Mumbai,31.38,67.4,13.83,435.11,79.6,450.85,2817.11,31.93,6.58,Moderate
2021-02-21,Mumbai,28.78,60.35,5.45,424.11,70.1,386.15,3213.97,31.46,16.44,Low
2021-02-22,Delhi,31.8,65.58,8.56,437.69,79.8,429.52,2906.04,38.58,17.2,Moderate
2021-02-23,Mumbai,30.3,75.79,5.15,440.33,51.7,453.1,2843.68,42.3,8.79,Moderate
2021-02-24,Hyderabad,28.98,65.17,0.87,420.64,77.0,452.54,3054.07,36.7,16.62,Low
2021-02-25,Mumbai,29.95,80.51,6.33,434.11,66.0,410.25,3215.67,34.49,16.32,Moderate
2021-02-26,Delhi,31.33,75.16,10.53,433.24,80.4,517.05,3272.42,36.39,25.38,Moderate
2021-02-27,Mumbai,27.96,68.26,6.35,430.77,73.3,411.19,3181.31,28.54,3.64,Low
2021-02-28,Delhi,30.3,64.72,17.06,435.31,69.9,479.3,3330.47,25.88,2.12,Moderate
2021-03-01,Hyderabad,32.57,63.65,12.42,417.31,68.5,532.99,3148.13,29.92,22.27,Moderate
2021-03-02,Hyderabad,28.76,69.09,3.81,434.45,75.0,386.56,2913.88,36.39,5.01,Low
2021-03-03,Bengaluru,35.63,50.68,0.53,429.78,85.9,512.94,3138.81,35.64,49.92,Moderate
2021-03-04,Chennai,31.83,63.15,13.89,436.74,66.1,447.47,3018.16,31.79,13.59,Moderate
2021-03-05,Chennai,30.53,61.03,15.39,433.69,96.0,443.82,3208.8,33.51,13.85,Moderate
2021-03-06,Chennai,31.32,72.29,2.91,424.41,43.9,450.86,3127.7,35.44,8.75,Moderate
2021-03-07,Bengaluru,29.85,64.13,0.39,429.78,81.0,447.72,2819.39,32.45,8.08,Moderate
2021-03-08,Hyderabad,27.82,68.37,17.07,416.45,80.7,441.66,2972.82,35.61,8.11,Low
2021-03-09,Hyderabad,30.57,64.37,14.91,428.78,78.7,521.8,3276.62,31.32,14.62,Moderate
2021-03-10,Mumbai,31.7,76.41,6.09,432.61,60.4,497.35,3323.31,50.4,23.4,Moderate
2021-03-11,Chennai,30.21,72.94,0.28,441.47,62.9,469.26,3072.82,37.88,13.76,Moderate
2021-03-12,Bengaluru,28.66,70.52,4.25,437.97,73.9,464.66,3306.94,31.53,10.14,Low
2021-03-13,Chennai,29.11,59.79,6.86,430.87,71.7,404.64,2626.42,30.64,14.35,Low
2021-03-14,Delhi,32.38,62.18,16.81,430.45,81.6,418.06,2953.12,21.34,23.13,Moderate
2021-03-15,Hyderabad,28.77,66.61,6.76,431.71,48.8,405.31,3110.39,22.04,11.06,Low
2021-03-16,Mumbai,32.05,71.51,23.18,427.35,68.8,471.54,3286.26,27.12,14.89,Moderate
2021-03-17,Hyderabad,32.63,72.28,8.33,431.69,70.5,465.46,3030.67,31.22,20.86,Moderate
2021-03-18,Mumbai,30.8,74.03,3.26,436.19,73.1,489.18,3406.4,25.87,10.51,Moderate
2021-03-19,Delhi,28.91,60.81,11.75,431.18,85.1,377.41,3015.9,31.92,6.36,Low
2021-03-20,Hyderabad,33.82,66.37,0.99,425.24,88.6,512.16,3268.01,34.26,37.38,Moderate
2021-03-21,Delhi,30.67,59.8,5.86,428.45,67.2,455.01,2823.53,25.86,14.79,Moderate
2021-03-22,Bengaluru,32.07,69.7,16.43,445.26,90.0,476.7,3265.15,21.15,22.77,Moderate
2021-03-23,Hyderabad,30.57,66.89,12.11,428.22,76.1,435.28,3188.5,17.46,19.95,Moderate
2021-03-24,Mumbai,29.25,70.43,29.26,437.7,79.7,409.8,3276.15,30.16,12.45,Moderate
2021-03-25,Delhi,31.73,76.5,17.54,435.24,63.8,551.41,3153.75,35.34,8.72,Moderate
2021-03-26,Hyderabad,33.47,65.89,5.16,432.0,81.8,476.71,3553.64,34.86,32.78,Moderate
2021-03-27,Delhi,33.3,64.23,6.64,428.2,52.8,463.13,3096.54,29.58,30.98,Moderate
2021-03-28,Delhi,31.92,57.89,8.92,435.72,93.8,523.99,3300.22,28.71,19.69,Moderate
2021-03-29,Hyderabad,31.0,80.21,0.1,421.1,76.0,419.06,3261.45,31.14,10.93,Moderate
2021-03-30,Chennai,31.11,65.21,1.94,425.37,101.5,429.59,2931.15,23.87,8.81,Moderate
2021-03-31,Hyderabad,28.67,77.64,11.39,430.07,57.9,420.52,3221.58,28.98,6.3,Low
2021-04-01,Delhi,30.34,60.6,11.04,431.7,61.1,488.43,3036.45,34.74,20.14,Moderate
2021-04-02,Chennai,29.04,63.29,0.92,428.5,65.3,439.76,3134.76,28.07,7.89,Low
2021-04-03,Delhi,28.3,67.5,1.49,433.46,61.5,426.28,2871.41,34.54,6.44,Low
2021-04-04,Delhi,31.26,67.97,16.68,433.53,86.2,473.8,3335.64,23.54,18.5,Moderate
2021-04-05,Hyderabad,30.97,76.14,5.11,448.96,48.6,486.72,3159.19,36.17,8.93,Moderate
2021-04-06,Bengaluru,31.85,71.43,4.17,418.85,88.4,491.76,3040.99,29.03,8.43,Moderate
2021-04-07,Bengaluru,30.65,72.62,9.05,433.31,74.0,400.86,2720.44,33.0,0.0,Moderate
2021-04-08,Bengaluru,31.4,70.78,7.06,438.26,103.4,468.84,2886.29,26.72,4.02,Moderate
2021-04-09,Bengaluru,28.46,66.99,10.18,432.59,74.5,471.09,3203.65,33.07,11.28,Low
2021-04-10,Hyderabad,33.24,71.7,14.08,427.09,86.7,502.04,3100.88,28.06,34.77,Moderate
2021-04-11,Mumbai,32.39,64.09,24.69,432.25,99.4,468.79,3329.37,31.05,20.21,Moderate
2021-04-12,Bengaluru,28.39,60.81,18.05,425.84,101.6,461.56,2740.24,29.25,17.47,Moderate
2021-04-13,Bengaluru,31.47,65.9,8.3,442.36,102.7,442.65,3249.07,24.54,11.65,Moderate
2021-04-14,Delhi,31.49,67.61,2.11,429.25,80.9,510.89,3351.95,27.39,17.82,Moderate
2021-04-15,Delhi,28.31,69.1,1.81,440.03,64.6,406.71,2850.9,33.74,8.36,Low
2021-04-16,Delhi,31.65,70.21,12.04,449.28,104.5,502.2,3090.13,31.53,18.11,Moderate
2021-04-17,Delhi,30.69,64.19,13.29,426.8,77.9,431.03,2733.29,22.61,7.41,Moderate
2021-04-18,Hyderabad,29.85,68.96,5.85,432.51,72.1,463.56,2938.06,30.16,2.3,Low
2021-04-19,Hyderabad,28.96,64.04,2.2,427.88,89.7,402.26,3252.17,24.62,6.33,Low
2021-04-20,Mumbai,30.94,70.1,4.92,433.28,85.5,507.31,3347.95,36.33,11.35,Moderate
2021-04-21,Delhi,28.83,65.88,10.27,429.61,76.9,525.71,3017.41,24.1,10.29,Moderate
2021-04-22,Hyderabad,34.17,66.7,11.3,431.17,87.5,507.57,3168.63,22.73,41.47,Moderate
2021-04-23,Chennai,32.46,67.84,6.52,436.37,89.4,455.45,3412.5,25.46,20.63,Moderate
2021-04-24,Bengaluru,32.01,62.96,6.53,433.19,57.6,425.76,3077.22,20.06,18.43,Moderate
2021-04-25,Delhi,33.04,70.81,2.86,434.55,68.9,478.44,3077.54,20.47,29.86,Moderate
2021-04-26,Delhi,31.69,66.38,6.11,432.61,99.3,443.57,3011.36,21.09,17.07,Moderate
2021-04-27,Chennai,29.68,61.19,4.3,430.6,99.5,493.89,2963.21,27.52,2.23,Moderate
2021-04-28,Mumbai,31.43,69.44,7.99,417.69,87.7,448.1,3270.28,27.13,15.17,Moderate
2021-04-29,Delhi,31.1,69.68,6.45,434.57,77.3,514.19,2880.96,18.9,10.47,Moderate
2021-04-30,Mumbai,29.09,82.52,4.85,432.98,83.2,441.22,3203.37,25.39,7.53,Low
2021-05-01,Mumbai,30.13,71.39,0.71,427.1,97.6,428.27,2877.74,19.02,11.39,Moderate
2021-05-02,Mumbai,29.65,73.6,0.95,431.29,64.3,427.77,3049.15,25.14,2.06,Low
2021-05-03,Chennai,28.16,66.22,3.64,431.36,64.7,443.69,3275.21,30.26,8.83,Low
2021-05-04,Chennai,30.3,72.88,0.37,438.54,73.0,469.67,3206.77,38.15,8.67,Moderate
2021-05-05,Chennai,30.69,51.88,10.29,430.12,69.2,401.82,3101.88,24.16,12.16,Moderate
2021-05-06,Mumbai,30.03,63.11,2.8,432.66,78.8,427.97,3156.29,23.56,18.2,Moderate
2021-05-07,Hyderabad,33.34,68.12,3.29,436.92,59.2,465.82,2884.06,26.45,27.89,Moderate
2021-05-08,Mumbai,26.6,64.28,14.5,428.81,105.5,481.57,3086.86,28.12,14.5,Low
2021-05-09,Bengaluru,27.7,72.9,0.55,432.33,71.8,388.81,3170.88,26.78,9.46,Low
2021-05-10,Delhi,31.05,69.7,10.14,435.96,107.4,415.04,3480.11,19.78,10.08,Moderate
2021-05-11,Delhi,30.68,70.12,2.34,422.03,77.2,439.19,3012.63,23.84,7.83,Moderate
2021-05-12,Mumbai,30.08,65.36,9.52,431.54,87.7,409.41,2887.13,21.29,18.51,Moderate
2021-05-13,Hyderabad,30.84,69.15,11.48,424.98,68.6,430.5,3432.77,25.36,11.29,Moderate
2021-05-14,Hyderabad,30.85,63.57,7.3,433.22,70.8,407.93,3125.05,26.39,7.41,Moderate
2021-05-15,Hyderabad,27.83,69.39,5.04,433.02,65.6,347.45,2879.33,24.14,9.77,Low
2021-05-16,Delhi,31.92,75.82,18.57,434.53,71.4,487.42,3298.23,21.28,11.37,Moderate
2021-05-17,Mumbai,28.19,63.71,12.25,443.03,62.3,369.57,2896.79,19.89,12.99,Low
2021-05-18,Hyderabad,30.9,76.7,7.46,436.93,74.4,439.4,3235.97,20.63,14.93,Moderate
2021-05-19,Mumbai,29.4,64.99,1.54,427.42,69.5,483.74,3419.23,27.05,8.56,Low
2021-05-20,Mumbai,28.64,78.01,4.19,428.68,60.6,406.73,3181.21,17.99,16.59,Low
2021-05-21,Hyderabad,29.56,67.01,20.76,431.56,72.3,351.07,3069.32,22.64,6.18,Low
2021-05-22,Chennai,31.77,76.21,1.82,439.28,86.9,462.62,3367.82,25.3,27.07,Moderate
2021-05-23,Delhi,32.59,69.4,5.84,438.47,65.6,491.01,2947.33,26.98,29.8,Moderate
2021-05-24,Hyderabad,32.49,64.79,1.8,437.82,94.9,506.3,2881.24,17.83,26.07,Moderate
2021-05-25,Hyderabad,29.14,62.75,5.87,447.19,94.8,423.59,2911.71,25.6,11.31,Moderate
2021-05-26,Bengaluru,29.75,71.34,3.55,437.7,87.8,469.82,3402.68,19.62,10.73,Moderate
2021-05-27,Chennai,31.46,64.82,16.04,431.38,86.8,428.16,3295.13,19.49,14.39,Moderate
2021-05-28,Mumbai,33.14,77.75,8.74,424.27,74.7,464.73,3333.8,17.16,30.53,Moderate
2021-05-29,Mumbai,26.74,75.38,6.1,431.89,83.4,426.19,3029.67,13.2,15.92,Low
2021-05-30,Chennai,26.29,68.31,2.77,451.18,82.2,433.61,2936.66,19.19,15.49,Low
2021-05-31,Delhi,31.18,78.46,8.6,429.82,70.6,508.55,3365.57,15.97,4.72,Moderate
2021-06-01,Chennai,28.73,58.39,3.23,440.18,126.6,486.25,3106.96,21.37,11.37,Moderate
2021-06-02,Delhi,32.36,58.68,4.94,431.82,65.3,429.76,3006.95,18.23,15.86,Moderate
2021-06-03,Mumbai,32.43,67.25,11.63,424.42,68.8,477.02,3169.91,25.91,25.95,Moderate
2021-06-04,Bengaluru,28.76,75.6,4.7,427.02,63.3,475.05,3410.82,22.9,14.49,Low
2021-06-05,Chennai,28.89,65.76,4.38,487.90933769757265,181.25206461288167,895.7328355724511,3132.57,22.0,8.22,Moderate
2021-06-06,Chennai,26.63,68.58,6.45,423.58,72.2,429.83,2784.67,19.39,20.13,Low
2021-06-07,Hyderabad,29.85,59.19,5.32,425.32,82.2,422.54,2701.65,9.17,14.48,Moderate
2021-06-08,Hyderabad,24.49,68.64,12.38,433.51,86.8,405.38,2609.52,29.61,7.98,Low
2021-06-09,Delhi,27.37,77.6,7.36,435.8,90.3,429.61,2834.02,30.59,10.98,Low
2021-06-10,Hyderabad,27.28,74.2,9.73,419.95,72.8,463.68,2950.52,33.2,8.74,Low
2021-06-11,Chennai,25.23,79.56,1.75,425.89,52.0,395.13,2585.23,15.12,11.06,Low
2021-06-12,Bengaluru,27.7,65.99,7.43,438.83,75.8,373.45,3040.75,22.06,7.93,Low
2021-06-13,Bengaluru,29.26,73.03,6.65,428.64,88.1,430.59,3055.07,17.59,8.56,Low
2021-06-14,Hyderabad,28.27,77.85,1.29,412.03,54.0,409.88,2928.1,12.06,15.7,Low
2021-06-15,Chennai,26.38,66.87,1.87,437.23,81.9,417.59,2709.3,21.0,13.5,Low
2021-06-16,Chennai,28.48,75.73,4.59,444.79,116.0,454.9,3104.22,21.0,9.63,Moderate
2021-06-17,Delhi,29.33,67.4,2.64,435.71,91.4,496.83,3249.47,15.26,0.75,Moderate
2021-06-18,Bengaluru,26.39,70.47,6.19,432.44,69.0,419.98,3043.65,20.35,15.54,Low
2021-06-19,Chennai,28.39,60.5,6.97,428.47,64.8,401.06,2753.12,22.04,8.27,Low
2021-06-20,Hyderabad,32.13,70.28,12.37,433.3,109.5,479.9,3583.08,25.29,22.52,Moderate
2021-06-21,Delhi,29.32,75.92,8.44,430.45,80.3,405.36,3175.64,14.85,4.93,Low
2021-06-22,Hyderabad,23.5,74.08,13.32,416.09,57.6,358.53,3170.58,22.68,0.0,Low
2021-06-23,Chennai,28.06,71.0,17.28,440.52,78.3,404.32,2978.82,30.56,12.76,Low
2021-06-24,Hyderabad,30.72,77.84,6.03,448.63,54.0,408.37,2842.25,14.28,6.02,Moderate
2021-06-25,Chennai,29.6,55.93,4.98,421.83,88.8,500.2,2897.9,16.52,14.96,Moderate
2021-06-26,Bengaluru,29.85,71.54,5.06,429.28,66.5,414.54,3079.07,11.63,3.56,Low
2021-06-27,Delhi,28.18,78.71,5.03,421.07,74.9,385.22,3233.03,30.27,12.57,Low
2021-06-28,Bengaluru,26.04,58.79,3.22,426.46,60.7,379.29,2738.01,15.14,7.13,Low
2021-06-29,Mumbai,27.75,77.69,4.39,417.35,47.6,426.57,3220.8,23.87,7.15,Low
2021-06-30,Chennai,26.24,69.71,9.21,437.59,77.9,394.27,3103.84,13.63,13.02,Low
2021-07-01,Delhi,25.36,59.96,2.12,437.81,69.8,397.33,2758.45,24.95,6.69,Low
2021-07-02,Delhi,27.08,73.67,7.15,427.12,106.7,377.09,2917.51,14.12,8.68,Low
2021-07-03,Chennai,25.75,58.53,4.5,429.87,64.7,393.71,2997.22,18.03,10.86,Low
2021-07-04,Bengaluru,26.81,69.44,4.23,438.32,121.6,434.02,2958.96,17.81,19.1,Low
2021-07-05,Hyderabad,25.76,71.48,7.75,433.56,90.8,428.29,2676.16,15.7,10.94,Low
2021-07-06,Chennai,28.35,63.5,8.7,426.38,86.9,420.93,2963.46,12.66,13.37,Low
2021-07-07,Bengaluru,26.49,73.25,0.56,431.16,84.4,432.44,2785.25,14.57,0.0,Low
2021-07-08,Bengaluru,24.75,80.03,18.95,431.24,69.5,393.06,2854.12,17.34,6.25,Low
2021-07-09,Bengaluru,26.02,70.03,8.68,422.04,75.8,431.58,3055.25,13.8,16.5,Low
2021-07-10,Bengaluru,25.36,72.63,5.73,431.17,84.8,381.63,3138.4,18.57,7.2,Low
2021-07-11,Mumbai,25.27,70.41,2.97,439.04,45.5,454.02,3050.93,29.4,11.05,Low
2021-07-12,Hyderabad,24.89,79.85,3.92,422.99,80.8,424.64,3122.64,20.09,13.85,Low
2021-07-13,Bengaluru,27.84,66.41,6.17,425.97,74.8,429.63,2779.17,24.34,3.3,Low
2021-07-14,Delhi,26.76,73.46,6.58,431.87,77.2,367.37,3247.99,13.12,7.55,Low
2021-07-15,Mumbai,25.51,70.97,6.53,435.82,85.7,417.29,2946.63,22.22,12.84,Low
2021-07-16,Mumbai,24.95,75.8,1.9,425.58,70.4,465.81,2702.0,31.24,12.92,Low
2021-07-17,Mumbai,29.77,67.77,2.59,472.02301286152306,170.70456461523568,975.4931474175008,3330.87,25.97,9.54,Moderate
2021-07-18,Hyderabad,27.32,83.5,8.16,437.18,82.4,382.23,2999.68,10.2,7.41,Low
2021-07-19,Mumbai,27.32,74.13,11.74,426.47,56.0,378.42,2999.53,16.09,14.84,Low
2021-07-20,Bengaluru,24.42,69.97,6.74,434.42,84.6,433.93,2774.04,13.9,7.14,Low
2021-07-21,Mumbai,29.99,66.67,2.21,422.42,44.7,446.41,3179.3,21.84,5.52,Low
2021-07-22,Mumbai,22.72,83.48,3.37,419.66,60.6,334.99,2875.98,18.07,13.81,Low
2021-07-23,Bengaluru,23.45,73.68,6.8,424.57,51.3,388.75,3187.43,16.09,15.92,Low
2021-07-24,Delhi,27.04,69.35,2.22,429.35,96.9,373.23,2850.28,14.06,22.09,Low
2021-07-25,Delhi,26.25,73.94,9.67,431.93,90.9,374.9,2912.14,17.27,14.77,Low
2021-07-26,Hyderabad,28.52,70.08,5.09,419.18,73.0,382.7,3375.79,14.68,14.5,Low
2021-07-27,Delhi,26.64,62.56,3.19,424.36,66.4,411.0,3135.1,18.26,7.84,Low
2021-07-28,Delhi,23.85,69.03,2.78,427.9,81.4,386.24,2883.18,25.95,10.77,Low
2021-07-29,Chennai,25.91,73.79,6.84,422.82,63.3,412.06,3083.04,21.09,8.05,Low
2021-07-30,Hyderabad,26.01,74.55,5.78,424.81,71.9,391.42,3098.25,17.07,7.62,Low
2021-07-31,Delhi,23.64,66.13,6.58,426.05,55.6,348.97,3283.62,6.11,13.32,Low
2021-08-01,Hyderabad,26.87,59.88,7.63,421.45,68.3,400.12,2622.87,9.73,4.7,Low
2021-08-02,Mumbai,25.13,82.11,0.17,423.73,87.7,408.53,3047.71,28.15,10.24,Low
2021-08-03,Delhi,26.15,70.42,10.9,419.54,59.6,429.08,2706.83,16.15,7.57,Low
2021-08-04,Chennai,24.04,87.18,5.44,435.58,94.3,406.19,2977.26,13.57,20.74,Low
2021-08-05,Mumbai,26.76,77.31,2.16,424.86,52.0,470.4,3179.27,19.33,18.53,Low
2021-08-06,Mumbai,28.76,79.84,3.07,422.34,72.6,472.48,3151.27,19.66,10.21,Low
2021-08-07,Chennai,25.88,68.32,6.29,420.68,52.1,399.6,3080.68,14.0,9.39,Low
2021-08-08,Mumbai,24.48,74.16,1.38,413.05,73.5,394.13,2809.46,22.11,5.71,Low
2021-08-09,Bengaluru,23.77,56.95,0.57,419.47,53.6,330.49,2847.74,12.51,15.15,Low
2021-08-10,Chennai,25.95,63.6,7.9,423.8,61.9,367.68,2895.09,12.65,14.97,Low
2021-08-11,Bengaluru,26.84,56.66,7.61,427.92,54.2,424.8,2885.19,16.62,7.08,Low
2021-08-12,Delhi,25.06,67.39,3.75,423.12,72.3,385.79,2767.26,18.47,6.56,Low
2021-08-13,Chennai,23.69,63.4,0.31,409.3,75.6,321.93,2951.82,13.26,8.62,Low
2021-08-14,Mumbai,25.91,70.19,2.77,439.23,45.2,419.1,2667.27,12.14,4.55,Low
2021-08-15,Chennai,24.5,62.3,0.25,472.92589649028594,147.89231622760178,625.026269219264,2585.18,25.41,4.68,Low
2021-08-16,Hyderabad,25.02,68.41,9.97,420.28,81.8,369.89,2972.74,17.42,5.91,Low
2021-08-17,Hyderabad,19.91,58.09,4.15,414.49,33.0,273.69,2554.17,15.76,5.73,Low
2021-08-18,Mumbai,26.15,73.75,1.6,415.03,79.6,337.35,3069.71,15.97,18.74,Low
2021-08-19,Mumbai,23.19,60.16,2.47,434.45,60.0,402.59,2740.43,11.44,2.44,Low
2021-08-20,Delhi,23.84,75.25,7.56,434.15,62.8,409.2,3121.99,21.78,3.79,Low
2021-08-21,Mumbai,25.27,61.05,3.88,413.92,79.1,424.59,2484.5,16.93,18.24,Low
2021-08-22,Hyderabad,25.31,76.29,2.27,432.07,99.2,380.22,2723.33,19.04,5.78,Low
2021-08-23,Mumbai,24.13,70.87,1.72,422.79,78.9,447.15,2833.93,6.93,10.47,Low
2021-08-24,Bengaluru,25.98,76.04,0.28,432.5,78.2,358.93,3039.94,16.84,17.14,Low
2021-08-25,Mumbai,24.19,64.75,0.53,456.6147703676037,128.7608077957743,743.9382395374523,2479.95,23.98,8.29,Low
2021-08-26,Bengaluru,26.83,70.06,2.68,420.89,70.3,384.91,3055.98,21.68,14.6,Low
2021-08-27,Delhi,22.39,62.6,0.09,405.08,79.6,327.93,2735.58,19.54,7.22,Low
2021-08-28,Bengaluru,26.35,80.53,2.68,433.61,74.1,467.1,2945.24,20.04,16.13,Low
2021-08-29,Delhi,20.6,70.24,11.34,415.09,69.7,334.04,2725.76,26.01,10.97,Low
2021-08-30,Delhi,22.41,66.94,4.5,413.49,43.7,325.16,2783.02,17.12,10.25,Low
2021-08-31,Chennai,25.16,70.93,3.53,422.96,43.9,406.46,2944.43,12.15,5.83,Low
2021-09-01,Delhi,24.31,73.84,9.41,424.83,80.2,397.19,3079.37,16.96,10.08,Low
2021-09-02,Bengaluru,21.62,75.14,5.74,413.83,63.4,338.53,2651.72,24.84,8.75,Low
2021-09-03,Bengaluru,25.9,68.2,3.52,426.61,81.8,375.53,3044.75,16.34,6.53,Low
2021-09-04,Chennai,25.24,66.91,1.07,429.77,101.4,431.33,2879.85,14.97,8.03,Low
2021-09-05,Hyderabad,24.28,56.49,2.05,427.2,58.6,390.18,2610.37,7.72,10.34,Low
2021-09-06,Bengaluru,21.86,67.87,4.52,435.86,95.6,372.66,2907.21,20.92,20.23,Low
2021-09-07,Bengaluru,22.54,67.33,6.42,422.43,85.3,321.72,2739.92,12.79,9.08,Low
2021-09-08,Chennai,27.12,73.49,4.86,436.9,69.8,411.24,2754.79,27.28,11.27,Low
2021-09-09,Chennai,24.88,71.37,0.26,428.36,61.0,373.44,3307.97,3.41,4.2,Low
2021-09-10,Mumbai,27.45,63.09,11.84,427.06,65.6,448.12,2865.81,15.55,9.48,Low
2021-09-11,Chennai,25.2,66.82,6.7,418.7,68.4,362.74,2691.59,22.33,7.59,Low
2021-09-12,Mumbai,22.04,77.63,5.54,419.7,94.6,372.84,2796.17,22.67,3.9,Low
2021-09-13,Bengaluru,22.81,70.67,6.22,423.19,40.9,325.19,2889.28,17.74,11.55,Low
2021-09-14,Delhi,25.15,77.04,11.51,431.54,73.0,399.49,3117.65,13.8,14.97,Low
2021-09-15,Delhi,26.86,67.44,3.27,429.65,65.4,410.95,2925.7,19.08,4.28,Low
2021-09-16,Chennai,24.18,70.54,3.8,426.44,70.1,362.99,3037.73,17.54,4.88,Low
2021-09-17,Mumbai,20.58,72.17,3.17,426.54,70.2,316.85,2999.49,13.74,16.35,Low
2021-09-18,Mumbai,24.58,73.82,12.46,425.99,81.2,384.49,2931.36,25.91,13.51,Low
2021-09-19,Bengaluru,24.33,59.97,2.07,427.49,82.7,401.12,2510.34,9.04,7.1,Low
2021-09-20,Delhi,22.8,76.47,6.74,418.94,51.0,354.46,2812.81,21.42,0.05,Low
2021-09-21,Mumbai,24.24,71.79,3.87,426.2,71.6,366.27,2966.46,21.32,7.78,Low
2021-09-22,Chennai,23.1,62.16,2.34,486.6428453373641,149.46415861781784,554.8163218430849,2748.17,22.89,4.42,Low
2021-09-23,Hyderabad,23.39,69.59,1.81,423.16,80.7,341.23,2800.93,17.61,7.98,Low
2021-09-24,Chennai,22.98,67.46,0.97,427.41,79.7,349.26,3010.8,15.8,12.87,Low
2021-09-25,Hyderabad,25.7,73.01,5.89,418.32,79.2,406.03,2695.17,9.12,12.53,Low
2021-09-26,Delhi,22.44,73.38,9.75,426.85,66.7,341.43,2874.5,21.57,9.91,Low
2021-09-27,Hyderabad,22.75,59.57,3.15,435.57,93.0,333.85,2795.71,22.39,1.07,Low
2021-09-28,Chennai,22.69,68.24,0.27,415.68,58.1,335.25,2882.3,18.06,11.26,Low
2021-09-29,Hyderabad,26.6,73.22,0.7,419.32,58.7,345.9,2944.38,20.54,5.22,Low
2021-09-30,Mumbai,22.06,68.46,1.37,419.41,82.4,327.01,2751.72,31.15,8.56,Low
2021-10-01,Hyderabad,23.24,71.62,11.55,424.02,68.3,353.25,3085.77,22.32,8.48,Low
2021-10-02,Chennai,21.46,70.17,3.71,427.39,59.4,337.55,2905.19,14.84,13.07,Low
2021-10-03,Delhi,25.97,63.29,2.02,431.87,93.3,428.74,2986.47,21.97,5.57,Low
2021-10-04,Chennai,22.12,67.81,1.54,420.83,80.9,405.41,2499.62,24.86,13.99,Low
2021-10-05,Hyderabad,25.47,78.84,2.27,428.67,88.0,439.1,2792.61,25.19,10.76,Low
2021-10-06,Mumbai,24.2,68.1,7.68,411.76,76.8,419.45,2965.03,22.31,6.05,Low
2021-10-07,Mumbai,24.49,66.19,0.79,417.91,48.5,422.75,2843.47,18.13,12.25,Low
2021-10-08,Chennai,20.63,72.32,4.08,424.51,44.5,244.24,2523.38,25.22,2.54,Low
2021-10-09,Mumbai,21.86,65.07,7.76,426.64,67.0,311.36,2800.41,22.68,21.07,Low
2021-10-10,Hyderabad,22.06,79.75,6.2,417.19,49.4,380.33,2670.06,25.74,14.56,Low
2021-10-11,Delhi,26.29,59.6,4.69,426.0,73.7,387.17,2947.22,14.74,14.03,Low
2021-10-12,Hyderabad,21.57,74.74,7.0,418.58,59.7,399.04,2787.53,27.66,8.93,Low
2021-10-13,Hyderabad,22.29,66.19,0.72,430.27,95.7,382.58,2888.17,15.84,5.48,Low
2021-10-14,Delhi,20.81,79.5,1.44,426.63,70.9,380.32,2994.44,25.58,10.39,Low
2021-10-15,Chennai,22.39,69.59,5.46,433.41,72.9,299.73,2713.29,15.65,1.12,Low
2021-10-16,Chennai,23.64,68.26,0.5,426.97,59.8,409.01,2976.96,29.09,15.74,Low
2021-10-17,Bengaluru,24.47,73.81,3.95,419.29,63.5,324.63,2673.59,16.94,15.57,Low
2021-10-18,Chennai,23.87,64.4,6.48,423.45,45.2,362.53,3075.22,26.35,11.35,Low
2021-10-19,Bengaluru,21.27,65.72,3.46,422.72,63.2,311.77,3006.42,23.15,9.87,Low
2021-10-20,Hyderabad,24.71,71.6,3.41,426.39,89.9,386.23,3159.28,22.77,7.35,Low
2021-10-21,Mumbai,24.16,71.79,7.49,436.31,108.8,389.76,2881.18,19.13,7.9,Low
2021-10-22,Chennai,24.64,79.7,7.07,422.97,56.7,424.45,3216.12,22.93,0.0,Low
2021-10-23,Delhi,25.63,71.42,2.1,430.53,69.5,408.73,2848.43,14.32,14.46,Low
2021-10-24,Delhi,24.4,72.28,0.32,435.76,93.0,416.59,3197.55,25.19,3.03,Low
2021-10-25,Mumbai,18.58,80.43,2.35,427.77,79.5,319.18,2446.99,20.57,12.34,Low
2021-10-26,Hyderabad,21.76,64.19,1.83,417.86,64.4,318.49,2887.6,23.67,1.8,Low
2021-10-27,Delhi,23.07,71.94,7.47,435.49,90.4,365.28,2679.45,24.72,12.36,Low
2021-10-28,Delhi,24.9,75.36,4.06,414.06,63.9,448.41,3016.82,21.99,11.35,Low
2021-10-29,Mumbai,21.29,60.99,0.37,426.9,70.7,332.94,2829.13,25.0,20.79,Low
2021-10-30,Chennai,24.07,79.46,2.37,425.74,64.3,375.04,2788.25,29.96,6.02,Low
2021-10-31,Mumbai,25.4,64.2,9.99,430.2,70.7,386.12,2723.85,24.28,12.18,Low
2021-11-01,Bengaluru,24.62,71.99,0.86,428.84,51.3,382.92,2650.2,18.45,0.0,Low
2021-11-02,Delhi,26.02,65.38,2.02,430.18,103.1,482.04,2739.9,31.16,6.24,Low
2021-11-03,Hyderabad,26.36,65.6,0.37,422.59,58.2,405.21,3044.44,25.43,11.51,Low
2021-11-04,Bengaluru,23.07,68.1,11.85,425.29,53.3,334.8,2807.37,30.78,10.19,Low
2021-11-05,Mumbai,22.32,72.8,1.24,416.35,54.6,357.23,2900.1,19.86,12.44,Low
2021-11-06,Delhi,23.3,73.05,0.32,421.57,73.0,391.17,2660.16,22.03,16.92,Low
2021-11-07,Delhi,26.22,56.3,2.22,434.98,90.5,356.65,2727.96,27.23,9.14,Low
2021-11-08,Delhi,25.09,72.65,12.76,427.08,67.4,413.79,3057.4,24.83,15.09,Low
2021-11-09,Chennai,25.17,61.62,1.37,432.56,81.0,432.23,2701.17,23.95,19.96,Low
2021-11-10,Chennai,26.77,76.89,0.44,432.46,47.3,386.13,3240.29,26.24,9.29,Low
2021-11-11,Bengaluru,23.17,81.26,0.27,431.46,68.7,354.96,3079.83,27.2,3.22,Low
2021-11-12,Delhi,23.56,78.44,3.35,440.09,84.9,421.03,3079.4,31.02,21.23,Low
2021-11-13,Bengaluru,22.69,73.33,3.79,439.12,84.2,376.15,2701.64,30.17,15.3,Low
2021-11-14,Chennai,25.01,68.29,2.46,427.98,44.8,361.5,3122.79,23.33,17.38,Low
2021-11-15,Bengaluru,22.56,73.47,5.42,438.51,75.0,359.16,2960.6,25.7,11.11,Low
2021-11-16,Delhi,25.3,75.4,6.84,429.98,54.4,414.88,3175.34,22.23,7.16,Low
2021-11-17,Bengaluru,22.56,58.96,8.29,429.88,66.7,350.28,2869.26,29.97,14.77,Low
2021-11-18,Mumbai,24.35,66.6,10.43,415.09,61.9,378.36,2913.79,39.99,11.64,Low
2021-11-19,Hyderabad,26.1,68.19,1.94,428.84,64.2,414.19,3015.86,34.29,4.36,Low
2021-11-20,Mumbai,23.21,75.18,4.05,417.74,83.1,369.77,2920.39,37.52,17.44,Low
2021-11-21,Delhi,25.24,75.79,2.41,429.97,87.4,390.41,2780.65,24.11,13.88,Low
2021-11-22,Hyderabad,21.1,76.11,2.11,435.73,75.7,256.48,2909.21,27.91,10.19,Low
2021-11-23,Bengaluru,24.7,68.8,0.37,443.68,57.9,420.44,2740.66,34.68,11.89,Low
2021-11-24,Delhi,26.91,64.17,5.88,427.85,55.7,401.65,2733.51,17.55,12.43,Low
2021-11-25,Mumbai,27.66,68.96,1.79,441.98,77.6,444.15,3105.72,27.57,16.76,Low
2021-11-26,Hyderabad,26.18,70.79,4.13,436.78,62.5,333.21,3099.34,30.35,14.23,Low
2021-11-27,Chennai,25.1,62.9,1.97,434.27,59.7,358.54,2933.89,27.84,12.01,Low
2021-11-28,Bengaluru,27.29,66.22,1.82,428.77,102.9,481.41,3017.57,23.27,9.72,Low
2021-11-29,Bengaluru,26.96,67.72,2.15,428.92,70.0,414.39,3136.53,32.9,15.48,Low
2021-11-30,Mumbai,28.39,66.61,1.43,427.9,83.4,403.24,3068.07,24.68,12.3,Low
2021-12-01,Chennai,25.11,66.97,3.17,425.73,64.0,402.48,2908.84,28.79,20.17,Low
2021-12-02,Mumbai,25.58,64.83,14.87,439.51,65.9,419.95,2886.36,32.89,8.4,Low
2021-12-03,Hyderabad,27.35,67.57,4.17,429.64,51.1,352.88,2813.95,34.49,8.55,Low
2021-12-04,Hyderabad,22.88,71.58,7.46,431.72,74.4,350.62,2989.82,33.87,16.18,Low
2021-12-05,Hyderabad,26.5,70.77,1.06,431.62,71.3,446.51,2879.75,29.84,10.85,Low
2021-12-06,Mumbai,26.46,64.06,9.18,443.17,81.0,356.7,2806.75,28.14,8.9,Low
2021-12-07,Delhi,27.0,78.3,3.14,438.05,89.0,417.69,3008.4,28.39,9.26,Low
2021-12-08,Delhi,25.36,73.55,0.57,425.9,81.5,411.86,2753.25,34.24,11.14,Low
2021-12-09,Bengaluru,26.54,73.3,1.65,419.9,79.7,447.84,3128.22,27.61,6.44,Low
2021-12-10,Chennai,24.72,75.25,4.35,432.48,85.9,418.74,3089.04,35.3,8.16,Low
2021-12-11,Mumbai,25.98,77.13,7.26,432.1,69.2,418.63,3131.65,30.39,11.07,Low
2021-12-12,Delhi,26.48,69.93,13.1,433.74,94.9,422.76,2819.69,28.88,1.15,Low
2021-12-13,Mumbai,24.21,70.74,0.8,431.14,96.9,353.25,2766.07,34.69,5.1,Low
2021-12-14,Mumbai,24.53,71.82,7.05,434.19,82.3,326.25,2846.46,23.85,4.58,Low
2021-12-15,Hyderabad,25.57,64.3,3.3,429.22,67.0,384.79,2966.59,31.21,11.77,Low
2021-12-16,Hyderabad,26.71,68.64,0.81,427.04,89.9,435.07,2998.6,26.37,7.81,Low
2021-12-17,Mumbai,24.87,56.55,0.94,434.03,51.6,344.64,2561.35,27.27,0.0,Low
2021-12-18,Delhi,29.54,75.85,1.79,426.03,59.1,476.88,3172.38,24.08,16.71,Low
2021-12-19,Bengaluru,24.72,73.46,0.56,438.77,108.5,394.43,2999.89,31.36,14.57,Low
2021-12-20,Chennai,26.48,68.33,7.77,431.89,73.2,399.95,3091.06,33.1,13.73,Low
2021-12-21,Delhi,26.27,72.19,12.5,441.29,87.0,401.25,3055.81,33.64,12.82,Low
2021-12-22,Bengaluru,26.41,74.78,12.83,435.96,76.6,438.93,3281.91,30.59,0.35,Low
2021-12-23,Hyderabad,26.82,77.94,4.09,444.08,77.6,399.05,2808.03,30.9,13.1,Low
2021-12-24,Delhi,27.22,66.79,0.72,437.5,76.5,399.93,2992.14,25.45,11.04,Low
2021-12-25,Chennai,27.99,72.29,4.59,426.82,87.1,464.57,3010.12,32.04,10.68,Low
2021-12-26,Mumbai,27.85,70.67,1.7,439.26,91.9,447.57,3073.49,24.77,4.58,Low
2021-12-27,Mumbai,29.55,62.45,5.3,415.96,53.9,408.17,2765.27,32.59,5.34,Low
2021-12-28,Hyderabad,25.8,69.86,5.16,432.68,64.6,442.87,3094.52,37.93,12.91,Low
2021-12-29,Hyderabad,25.48,70.0,3.47,441.66,92.6,432.85,3358.81,43.02,7.66,Low
2021-12-30,Bengaluru,27.68,70.13,0.84,461.07,96.4,417.29,3061.37,35.0,7.17,Moderate
2021-12-31,Bengaluru,26.7,75.84,2.62,435.98,49.7,421.34,2919.3,21.33,0.0,Low
2022-01-01,Chennai,31.65,61.53,12.91,432.15,67.1,474.97,3082.84,26.27,17.36,Moderate
2022-01-02,Hyderabad,31.31,62.08,5.92,440.55,70.6,503.4,2781.75,17.25,15.12,Moderate
2022-01-03,Hyderabad,28.71,64.83,10.25,436.83,61.1,490.96,3414.95,38.05,10.32,Low
2022-01-04,Delhi,29.3,67.52,6.29,438.58,89.9,471.72,3281.01,30.67,11.37,Moderate
2022-01-05,Mumbai,28.84,70.17,1.22,439.43,97.9,424.86,2970.02,36.48,14.53,Moderate
2022-01-06,Mumbai,29.16,74.01,3.87,444.33,60.2,424.91,3220.97,29.63,8.46,Low
2022-01-07,Chennai,27.51,74.31,2.47,442.3,57.9,401.38,3153.27,30.21,9.44,Low
2022-01-08,Delhi,28.85,64.5,3.8,439.72,78.2,382.47,3218.84,28.2,5.21,Low
2022-01-09,Delhi,27.11,65.28,1.08,432.82,74.7,368.42,3069.97,37.79,7.41,Low
2022-01-10,Hyderabad,27.31,73.16,3.27,437.73,62.7,343.44,3334.87,32.74,3.52,Low
2022-01-11,Bengaluru,30.92,70.2,0.97,435.91,75.0,435.66,3435.07,26.33,3.22,Moderate
2022-01-12,Bengaluru,29.39,67.45,5.76,439.18,69.9,426.81,2994.23,21.14,1.7,Low
2022-01-13,Delhi,29.02,63.08,11.26,427.65,60.7,453.82,2959.22,31.06,11.22,Low
2022-01-14,Bengaluru,28.45,62.08,0.32,446.48,112.3,469.97,2996.22,40.26,8.58,Moderate
2022-01-15,Bengaluru,29.01,77.81,1.74,437.97,56.1,466.87,2851.98,37.66,6.25,Low
2022-01-16,Mumbai,27.8,63.43,5.31,435.44,67.2,392.22,3146.57,31.92,9.71,Low
2022-01-17,Delhi,30.15,63.4,5.95,434.46,85.6,470.3,2885.88,37.27,5.3,Moderate
2022-01-18,Mumbai,27.84,73.78,3.31,427.87,58.0,459.85,3141.93,33.78,7.16,Low
2022-01-19,Bengaluru,28.52,69.69,1.37,435.12,101.0,484.68,3189.05,31.78,9.96,Moderate
2022-01-20,Hyderabad,29.53,63.52,1.64,439.02,62.5,533.63,2837.94,26.17,15.75,Moderate
2022-01-21,Delhi,28.53,70.37,13.99,435.71,67.2,415.48,2840.7,38.1,7.21,Low
2022-01-22,Mumbai,31.89,70.64,6.78,435.01,49.3,401.53,3254.9,33.51,16.81,Moderate
2022-01-23,Bengaluru,34.58,65.32,2.76,439.33,60.2,522.15,3236.7,33.52,41.45,Moderate
2022-01-24,Delhi,29.44,57.5,5.34,446.26,84.4,403.02,2871.22,37.72,9.74,Moderate
2022-01-25,Mumbai,29.0,69.88,3.35,504.25164543143165,156.18713089059906,698.6800907235007,3226.67,28.72,13.8,Moderate
2022-01-26,Hyderabad,29.22,73.23,4.89,437.99,97.4,455.16,3040.48,39.12,5.05,Moderate
2022-01-27,Bengaluru,29.46,64.16,2.74,434.6,65.7,443.09,3240.84,31.66,0.42,Low
2022-01-28,Delhi,29.43,56.79,0.54,440.16,73.9,421.72,3196.6,33.73,15.86,Moderate
2022-01-29,Chennai,29.0,70.3,2.27,434.55,83.2,387.25,3185.1,29.46,7.9,Low
2022-01-30,Mumbai,30.26,66.24,0.95,439.88,65.7,501.6,3008.44,34.85,9.24,Moderate
2022-01-31,Mumbai,30.54,79.43,3.64,450.73,90.8,380.69,3459.49,27.08,18.83,Moderate
2022-02-01,Hyderabad,28.93,68.26,0.88,449.24,83.2,493.76,3150.65,37.77,9.96,Moderate
2022-02-02,Mumbai,29.49,70.6,9.44,452.24,98.5,417.88,3396.13,38.58,8.65,Moderate
2022-02-03,Delhi,28.02,79.36,10.27,437.99,48.5,389.27,3403.37,30.23,15.04,Low
2022-02-04,Chennai,30.05,70.77,7.81,449.58,97.3,520.33,3210.43,27.77,10.89,Moderate
2022-02-05,Delhi,30.31,63.31,11.07,444.38,93.7,463.53,3032.09,29.53,10.36,Moderate
2022-02-06,Chennai,31.83,62.66,1.61,433.57,84.6,454.44,3213.16,41.48,15.78,Moderate
2022-02-07,Delhi,28.12,73.47,7.84,440.6,89.8,393.83,2774.05,34.53,8.82,Low
2022-02-08,Chennai,31.81,64.34,11.3,423.97,84.5,507.71,2977.38,38.32,17.72,Moderate
2022-02-09,Mumbai,30.91,73.87,1.04,439.24,69.8,458.28,3112.44,35.1,6.83,Moderate
2022-02-10,Mumbai,29.94,64.64,5.11,441.22,68.9,426.25,3168.66,27.75,22.15,Moderate
2022-02-11,Hyderabad,29.59,76.99,9.23,443.67,85.1,493.77,3192.91,37.8,8.79,Moderate
2022-02-12,Bengaluru,30.58,72.49,11.93,505.9318142434407,148.43861546235885,777.4323787725715,2940.78,35.32,12.77,Moderate
2022-02-13,Mumbai,32.04,68.45,1.17,439.92,70.0,560.5,3138.34,26.56,13.41,Moderate
2022-02-14,Mumbai,31.23,61.05,4.42,436.7,95.1,490.2,2816.73,23.8,13.34,Moderate
2022-02-15,Hyderabad,31.55,72.01,17.97,446.61,101.6,412.27,3146.56,40.69,8.7,Moderate
2022-02-16,Delhi,28.54,67.83,2.89,442.24,80.6,425.08,2940.83,31.32,13.82,Low
2022-02-17,Chennai,28.56,64.33,8.08,442.62,94.6,419.14,3058.59,25.75,19.22,Moderate
2022-02-18,Chennai,31.31,63.6,2.25,442.96,66.7,417.77,3334.36,33.35,7.05,Moderate
2022-02-19,Delhi,36.22,54.92,7.02,446.54,93.0,502.28,3206.96,32.85,54.68,High
2022-02-20,Mumbai,28.6,57.55,3.71,434.33,101.4,418.41,3273.08,40.76,12.62,Moderate
2022-02-21,Bengaluru,28.47,69.19,14.71,443.62,72.0,443.66,3265.23,43.71,13.26,Low
2022-02-22,Hyderabad,30.13,65.09,17.64,428.03,60.3,430.84,3160.08,35.07,25.89,Moderate
2022-02-23,Chennai,31.74,76.82,10.85,449.51,112.6,478.54,3276.93,28.15,21.25,Moderate
2022-02-24,Delhi,30.21,62.81,7.85,446.05,90.7,422.81,3072.68,43.35,11.29,Moderate
2022-02-25,Mumbai,35.77,68.54,22.06,442.1,81.9,496.9,3116.9,29.47,59.78,Moderate
2022-02-26,Mumbai,33.28,63.74,3.55,441.29,80.6,492.71,3084.33,23.74,31.84,Moderate
2022-02-27,Delhi,28.06,80.51,2.4,450.58,73.0,409.62,3258.35,31.46,14.79,Low
2022-02-28,Mumbai,30.86,69.67,2.26,444.65,83.6,475.17,3293.63,30.06,11.53,Moderate
2022-03-01,Hyderabad,31.87,64.23,9.61,452.39,107.4,522.46,2838.51,37.33,24.51,Moderate
2022-03-02,Delhi,32.05,61.84,14.7,442.37,61.2,440.76,2823.02,33.96,15.25,Moderate
2022-03-03,Chennai,32.78,73.2,3.59,433.63,87.6,473.17,3330.82,30.82,21.88,Moderate
2022-03-04,Delhi,30.42,67.94,0.95,449.01,83.5,503.54,3072.5,31.32,7.29,Moderate
2022-03-05,Bengaluru,30.05,65.72,5.2,450.44,66.9,399.96,2747.62,34.33,10.27,Moderate
2022-03-06,Mumbai,31.32,62.23,6.68,442.56,88.4,463.74,3271.44,35.93,11.51,Moderate
2022-03-07,Chennai,34.37,69.12,29.84,451.33,82.8,458.72,3243.89,38.12,38.63,Moderate
2022-03-08,Mumbai,32.14,73.39,3.09,450.62,86.6,513.91,3464.52,32.76,15.72,Moderate
2022-03-09,Chennai,31.27,62.29,1.97,434.15,86.7,442.49,2856.17,33.23,20.5,Moderate
2022-03-10,Chennai,30.74,80.49,11.98,443.46,87.8,469.54,3179.91,40.49,15.22,Moderate
2022-03-11,Hyderabad,31.52,73.23,1.26,437.08,105.2,443.41,3008.41,44.17,7.56,Moderate
2022-03-12,Bengaluru,29.92,71.12,2.39,451.85,55.0,388.15,3343.14,28.28,13.36,Moderate
2022-03-13,Chennai,30.98,70.54,5.97,448.11,78.2,494.47,2996.58,36.67,8.72,Moderate
2022-03-14,Mumbai,32.88,71.74,4.89,441.76,66.4,448.74,2970.01,29.76,26.71,Moderate
2022-03-15,Mumbai,28.38,65.99,8.32,441.64,98.5,459.23,3376.73,28.84,0.0,Low
2022-03-16,Chennai,32.23,73.2,5.27,438.23,75.0,450.3,3234.7,32.03,20.31,Moderate
2022-03-17,Delhi,32.23,71.92,1.75,443.52,72.6,456.27,3021.2,31.83,26.73,Moderate
2022-03-18,Chennai,30.12,71.88,9.17,444.24,59.9,436.52,3074.88,30.38,5.68,Moderate
2022-03-19,Bengaluru,33.08,75.48,1.74,452.4,85.8,471.61,3396.68,32.02,30.56,Moderate
2022-03-20,Mumbai,28.28,70.08,5.24,438.86,64.5,433.77,3182.95,29.54,11.49,Low
2022-03-21,Bengaluru,30.7,70.39,14.45,438.01,78.7,446.26,3021.88,32.4,16.4,Moderate
2022-03-22,Delhi,30.05,65.29,3.95,448.44,52.7,398.55,3404.75,26.5,8.27,Moderate
2022-03-23,Delhi,33.33,65.81,10.33,461.96,83.4,463.31,3375.32,20.59,40.61,Moderate
2022-03-24,Bengaluru,33.18,67.02,4.83,489.00079944911397,126.5148907326884,917.2459973489088,3395.34,31.28,32.69,Moderate
2022-03-25,Hyderabad,31.1,64.64,10.81,452.81,82.5,530.91,3060.59,29.12,9.02,Moderate
2022-03-26,Bengaluru,33.8,64.86,1.72,444.37,50.8,431.18,3180.06,34.22,30.33,Moderate
2022-03-27,Chennai,29.67,60.53,0.54,445.23,91.7,416.55,2947.2,34.52,1.38,Moderate
2022-03-28,Delhi,32.97,68.33,14.5,444.72,92.1,466.17,2994.9,32.13,20.7,Moderate
2022-03-29,Delhi,33.72,67.56,3.36,439.94,96.1,548.33,3071.8,25.66,29.05,Moderate
2022-03-30,Mumbai,32.26,67.52,3.7,441.8,78.2,435.51,3297.98,21.69,11.22,Moderate
2022-03-31,Chennai,31.72,62.77,10.89,451.25,90.0,437.45,3320.33,30.02,13.81,Moderate
2022-04-01,Bengaluru,31.52,64.5,24.42,447.09,68.3,466.52,3155.18,30.51,11.72,Moderate
2022-04-02,Mumbai,33.29,65.52,4.69,457.27,103.7,556.24,3315.01,34.22,33.29,Moderate
2022-04-03,Delhi,34.26,69.83,1.55,446.06,85.3,477.65,3162.81,27.32,39.52,Moderate
2022-04-04,Hyderabad,31.18,68.36,16.4,445.21,77.9,448.09,2908.59,26.28,4.29,Moderate
2022-04-05,Mumbai,30.22,64.88,19.86,433.5,73.5,444.61,3409.75,28.95,14.16,Moderate
2022-04-06,Delhi,31.35,65.81,7.72,441.73,91.6,439.96,2918.36,28.12,12.65,Moderate
2022-04-07,Hyderabad,31.15,65.79,8.63,434.05,57.4,445.53,3050.26,35.5,16.65,Moderate
2022-04-08,Chennai,32.06,69.59,1.2,442.87,55.3,454.14,3320.76,28.33,20.34,Moderate
2022-04-09,Hyderabad,29.58,74.98,0.35,455.98,74.3,418.82,3258.61,27.04,10.5,Moderate
2022-04-10,Chennai,32.24,73.92,20.08,448.19,86.7,488.9,3056.45,33.0,25.54,Moderate
2022-04-11,Chennai,32.39,64.75,2.55,453.14,95.3,487.05,3469.4,38.4,21.88,Moderate
2022-04-12,Hyderabad,31.88,67.63,2.12,444.48,90.2,459.85,3175.72,39.39,14.88,Moderate
2022-04-13,Chennai,31.34,81.65,0.44,447.74,71.2,542.43,3433.14,29.76,23.9,Moderate
2022-04-14,Bengaluru,33.87,65.95,41.37,453.21,88.2,446.04,3247.88,24.12,36.39,Moderate
2022-04-15,Mumbai,31.52,77.62,1.87,448.76,83.3,437.32,3274.86,25.1,8.26,Moderate
2022-04-16,Hyderabad,32.74,64.88,10.99,452.24,91.4,489.7,3236.52,30.19,22.18,Moderate
2022-04-17,Hyderabad,31.02,69.97,13.13,437.76,99.7,472.53,2977.11,29.79,9.6,Moderate
2022-04-18,Delhi,33.11,81.55,13.17,444.73,100.9,453.62,3132.68,27.59,27.21,Moderate
2022-04-19,Mumbai,30.63,71.25,5.33,455.97,65.2,492.78,3102.92,35.11,19.37,Moderate
2022-04-20,Hyderabad,32.11,72.25,4.4,436.59,89.9,462.35,3113.99,33.86,23.91,Moderate
2022-04-21,Bengaluru,30.69,70.34,11.85,456.83,69.9,400.44,3370.65,25.15,8.73,Moderate
2022-04-22,Delhi,31.04,64.89,5.34,443.89,60.8,472.65,3121.38,16.72,14.31,Moderate
2022-04-23,Chennai,31.05,64.4,4.37,447.71,95.0,462.01,3419.64,26.4,16.98,Moderate
2022-04-24,Hyderabad,35.21,64.03,9.37,451.59,98.6,547.82,3548.78,18.52,50.73,High
2022-04-25,Chennai,32.14,71.88,6.77,429.72,77.2,450.21,3257.73,33.81,16.66,Moderate
2022-04-26,Chennai,31.09,70.74,0.96,451.63,90.3,481.26,3109.59,30.04,12.25,Moderate
2022-04-27,Bengaluru,29.85,73.27,8.15,438.73,78.8,498.89,3180.47,14.52,17.03,Moderate
2022-04-28,Hyderabad,29.4,75.77,6.97,449.88,92.5,411.49,3379.47,27.37,15.48,Moderate
2022-04-29,Delhi,31.92,71.57,8.37,439.03,95.4,488.49,3524.65,31.35,16.64,Moderate
2022-04-30,Hyderabad,29.79,70.39,10.17,444.99,73.9,531.31,2878.87,23.29,9.91,Moderate
2022-05-01,Hyderabad,29.34,66.25,1.62,447.13,70.3,427.76,3037.84,27.87,9.33,Moderate
2022-05-02,Chennai,30.93,71.05,3.52,447.32,66.7,463.36,3166.78,31.79,18.14,Moderate
2022-05-03,Mumbai,31.85,76.14,1.5,450.87,88.3,491.27,3410.43,27.83,28.04,Moderate
2022-05-04,Mumbai,33.89,57.36,3.47,450.26,69.2,478.98,2876.74,39.21,39.4,Moderate
2022-05-05,Chennai,32.31,72.72,2.49,442.69,114.7,441.27,3459.16,25.76,21.93,Moderate
2022-05-06,Mumbai,32.54,59.26,9.17,444.11,93.9,481.37,2921.6,22.0,29.02,Moderate
2022-05-07,Chennai,31.46,56.64,8.14,438.79,72.7,478.19,3245.62,30.86,12.67,Moderate
2022-05-08,Chennai,30.23,72.86,1.78,452.11,83.6,435.44,3201.6,25.98,10.55,Moderate
2022-05-09,Bengaluru,31.5,69.67,28.02,435.89,91.5,429.26,2974.04,27.4,19.64,Moderate
2022-05-10,Mumbai,28.51,71.2,8.17,443.98,111.9,441.06,2787.7,26.78,7.85,Moderate
2022-05-11,Bengaluru,31.76,76.75,3.28,450.35,86.5,488.92,3145.72,19.03,15.7,Moderate
2022-05-12,Mumbai,30.96,68.87,2.39,450.48,74.5,480.3,3279.6,28.92,11.31,Moderate
2022-05-13,Delhi,27.99,66.19,10.68,463.04,123.7,438.64,3443.76,18.33,10.32,Moderate
2022-05-14,Delhi,30.39,70.24,2.77,438.06,93.7,479.75,3078.3,20.57,0.41,Moderate
2022-05-15,Chennai,28.4,78.85,1.62,440.23,64.8,419.31,3249.18,23.84,11.95,Low
2022-05-16,Delhi,29.78,61.27,5.06,440.72,73.0,431.93,2827.96,15.92,10.01,Moderate
2022-05-17,Bengaluru,31.99,66.39,14.49,452.71,62.0,440.31,3108.97,25.05,15.4,Moderate
2022-05-18,Delhi,29.14,61.35,24.01,449.86,61.2,455.81,2870.91,23.79,12.83,Moderate
2022-05-19,Mumbai,30.08,78.05,0.28,453.51,115.3,462.56,3145.02,19.73,18.49,Moderate
2022-05-20,Chennai,29.06,65.41,1.29,450.43,64.6,481.04,2780.86,18.96,9.37,Moderate
2022-05-21,Hyderabad,29.35,72.62,2.2,444.44,98.9,480.23,3113.77,23.81,2.56,Moderate
2022-05-22,Delhi,29.0,72.53,12.05,447.71,80.0,387.31,3246.11,25.74,12.03,Moderate
2022-05-23,Bengaluru,31.44,75.72,6.68,438.11,69.8,444.45,2908.63,27.36,11.47,Moderate
2022-05-24,Chennai,26.72,67.56,14.82,453.69,77.3,401.86,3070.72,19.18,11.43,Low
2022-05-25,Delhi,31.6,67.8,8.29,458.85,108.4,452.77,3188.52,31.19,15.16,Moderate
2022-05-26,Bengaluru,30.51,64.13,6.63,448.45,122.1,465.74,3223.14,17.43,4.96,Moderate
2022-05-27,Delhi,30.19,59.78,4.85,443.53,88.1,383.09,3253.95,17.25,13.99,Moderate
2022-05-28,Delhi,31.89,67.82,2.25,435.11,78.5,387.48,2992.12,25.25,14.67,Moderate
2022-05-29,Delhi,29.56,73.58,6.73,450.29,98.4,446.35,2873.47,25.73,7.03,Moderate
2022-05-30,Bengaluru,30.76,66.28,3.22,433.27,99.0,445.31,2928.47,23.22,13.63,Moderate
2022-05-31,Bengaluru,27.77,75.25,5.67,442.75,70.8,405.16,3027.12,24.92,10.3,Low
2022-06-01,Chennai,35.08,67.06,7.55,440.85,97.5,536.16,3315.92,25.86,61.67,High
2022-06-02,Bengaluru,27.81,72.33,3.35,442.71,64.9,469.93,2849.54,14.85,15.75,Low
2022-06-03,Delhi,31.02,63.68,1.01,447.62,92.6,469.06,2728.52,18.1,8.77,Moderate
2022-06-04,Chennai,27.53,56.0,4.08,440.54,68.5,440.55,2756.06,24.25,2.37,Low
2022-06-05,Delhi,29.16,71.74,9.35,444.52,59.4,447.76,3004.21,27.76,10.55,Low
2022-06-06,Bengaluru,27.85,71.33,6.63,438.37,75.6,471.11,2887.45,8.34,13.05,Low
2022-06-07,Mumbai,29.22,68.64,3.24,436.36,44.5,383.97,3088.11,18.88,10.77,Low
2022-06-08,Hyderabad,24.73,70.41,2.14,433.97,68.6,350.06,2661.83,8.6,11.8,Low
2022-06-09,Hyderabad,31.9,75.62,5.19,434.28,99.8,470.16,3298.03,17.35,27.41,Moderate
2022-06-10,Hyderabad,28.85,61.57,3.7,447.52,52.2,410.3,2913.19,16.65,7.67,Low
2022-06-11,Mumbai,30.83,65.4,10.32,445.45,79.1,443.23,3087.25,18.7,13.19,Moderate
2022-06-12,Hyderabad,27.72,66.88,7.51,435.71,62.7,404.94,2982.1,19.97,6.19,Low
2022-06-13,Delhi,30.38,70.67,6.87,440.16,68.9,497.92,3167.29,16.37,11.62,Moderate
2022-06-14,Chennai,29.48,69.26,3.18,444.82,80.1,360.87,3347.75,20.89,12.01,Moderate
2022-06-15,Mumbai,31.32,70.21,3.31,456.83,67.5,506.73,3165.29,13.85,13.14,Moderate
2022-06-16,Delhi,28.5,58.97,5.91,442.1,62.2,452.84,3022.93,16.72,14.97,Low
2022-06-17,Chennai,27.23,69.95,5.27,441.07,81.9,437.59,3222.51,25.4,13.44,Low
2022-06-18,Hyderabad,30.18,77.16,17.96,443.26,108.0,407.11,2929.78,20.47,5.96,Moderate
2022-06-19,Mumbai,28.12,70.21,4.45,431.3,76.8,450.94,3206.22,15.42,3.67,Low
2022-06-20,Mumbai,30.2,63.49,1.33,446.68,80.3,445.1,3139.9,20.53,9.17,Moderate
2022-06-21,Delhi,29.06,72.12,2.72,447.87,81.7,461.47,2727.55,17.19,2.02,Moderate
2022-06-22,Hyderabad,26.5,78.71,4.83,449.01,80.1,393.09,3081.56,23.41,6.64,Low
2022-06-23,Mumbai,26.17,71.25,4.16,444.75,104.9,359.45,3184.35,23.02,7.25,Low
2022-06-24,Bengaluru,28.04,65.58,5.39,439.91,79.2,392.92,2888.95,14.07,13.5,Low
2022-06-25,Hyderabad,27.22,76.34,1.34,444.65,83.1,399.74,3402.78,15.18,8.05,Low
2022-06-26,Mumbai,26.74,80.21,10.06,438.85,71.7,369.58,2821.92,21.64,8.16,Low
2022-06-27,Delhi,26.71,63.16,4.11,441.19,92.4,394.29,3024.68,20.73,2.71,Low
2022-06-28,Bengaluru,28.76,60.12,10.47,443.36,110.3,501.06,3050.15,14.35,10.92,Moderate
2022-06-29,Delhi,27.37,65.6,1.56,439.14,72.2,401.1,3137.65,21.12,5.11,Low
2022-06-30,Bengaluru,30.72,73.68,4.58,455.72,72.5,465.07,3440.88,24.23,6.02,Moderate
2022-07-01,Delhi,27.64,71.36,0.62,438.9,79.7,440.58,2957.71,18.61,12.53,Low
2022-07-02,Delhi,27.67,72.02,2.28,427.45,73.8,445.5,2841.8,22.04,16.33,Low
2022-07-03,Mumbai,25.95,69.21,6.07,443.14,61.9,339.21,2951.79,25.31,5.52,Low
2022-07-04,Chennai,30.01,53.97,0.61,441.18,81.5,412.93,2701.04,25.89,12.66,Moderate
2022-07-05,Delhi,26.98,68.46,8.23,440.13,32.7,377.58,3295.89,25.58,10.37,Low
2022-07-06,Chennai,26.98,81.96,5.4,444.89,80.6,392.84,3010.56,13.54,14.45,Low
2022-07-07,Chennai,29.94,78.6,5.55,441.77,56.4,416.14,2771.97,15.5,12.16,Moderate
2022-07-08,Chennai,25.4,80.03,5.61,440.27,126.9,393.84,3017.84,26.5,3.72,Low
2022-07-09,Delhi,25.82,72.32,10.65,429.86,90.0,392.6,3211.22,13.67,10.85,Low
2022-07-10,Mumbai,26.7,66.48,6.59,436.98,95.7,384.72,2878.88,22.09,14.95,Low
2022-07-11,Chennai,28.74,60.81,7.68,443.48,81.0,388.0,2924.7,17.64,9.38,Low
2022-07-12,Chennai,28.65,67.32,4.34,420.74,63.5,458.57,3020.65,15.89,19.07,Low
2022-07-13,Mumbai,25.69,77.3,3.98,451.67,82.5,351.76,3324.68,14.42,0.0,Low
2022-07-14,Mumbai,28.11,73.43,6.8,443.77,79.7,420.97,3191.31,27.46,6.76,Low
2022-07-15,Hyderabad,27.83,68.15,6.05,437.09,52.2,432.82,3056.95,24.19,19.57,Low
2022-07-16,Bengaluru,26.0,73.06,0.88,448.66,52.2,397.81,2681.46,10.12,6.15,Low
2022-07-17,Bengaluru,27.04,72.39,2.64,436.99,86.7,399.8,3025.28,20.58,17.73,Low
2022-07-18,Chennai,28.72,56.73,6.45,439.41,85.2,412.14,2730.45,16.29,7.76,Low
2022-07-19,Chennai,27.42,66.71,3.52,432.28,81.0,404.58,3158.14,26.44,14.01,Low
2022-07-20,Mumbai,26.23,63.19,5.96,432.41,46.8,381.15,3048.04,22.26,3.1,Low
2022-07-21,Bengaluru,27.07,68.78,8.4,436.17,72.9,394.75,3076.86,23.5,20.58,Low
2022-07-22,Bengaluru,27.34,83.39,0.41,448.18,92.3,446.11,2826.06,22.56,14.42,Low
2022-07-23,Chennai,25.08,60.75,1.61,442.51,91.8,352.42,2765.52,16.61,9.13,Low
2022-07-24,Delhi,27.57,66.78,11.36,424.22,80.3,403.65,3097.94,16.69,8.01,Low
2022-07-25,Hyderabad,25.6,68.14,7.08,441.4,61.4,391.7,2977.26,17.85,8.34,Low
2022-07-26,Bengaluru,25.58,64.03,2.95,427.91,58.8,408.3,3059.12,16.42,13.65,Low
2022-07-27,Mumbai,27.72,74.56,1.99,431.79,90.3,436.05,2994.34,15.96,4.54,Low
2022-07-28,Chennai,27.71,70.83,10.31,448.13,81.0,410.49,3117.7,16.04,16.69,Low
2022-07-29,Mumbai,27.31,85.27,8.4,434.52,74.6,401.46,3034.48,19.81,14.05,Low
2022-07-30,Hyderabad,23.76,63.66,3.61,438.55,80.9,326.52,2934.31,20.88,13.45,Low
2022-07-31,Delhi,29.1,73.61,0.29,446.69,85.1,403.45,2831.3,23.23,14.13,Moderate
2022-08-01,Chennai,23.18,67.36,1.62,442.01,87.6,374.29,2907.5,14.59,14.37,Low
2022-08-02,Delhi,28.19,64.1,3.37,429.25,104.4,473.74,3137.87,17.19,10.3,Low
2022-08-03,Hyderabad,24.21,68.34,3.56,440.68,56.5,400.44,2644.86,18.29,12.03,Low
2022-08-04,Chennai,25.87,58.67,3.21,434.72,45.8,353.71,3035.78,18.23,10.2,Low
2022-08-05,Delhi,28.41,56.93,5.35,439.76,58.8,470.19,2761.7,22.21,12.88,Low
2022-08-06,Chennai,25.9,73.74,0.2,440.17,67.6,344.72,2968.83,18.48,6.49,Low
2022-08-07,Hyderabad,28.38,60.68,8.45,442.0,76.0,514.11,3139.58,17.61,14.6,Moderate
2022-08-08,Bengaluru,23.18,63.8,3.05,444.24,48.4,313.95,2647.84,20.02,14.1,Low
2022-08-09,Chennai,25.42,81.81,13.91,438.87,86.0,395.33,2755.06,17.44,1.09,Low
2022-08-10,Mumbai,26.73,73.17,4.4,432.42,63.5,364.47,2671.6,11.77,10.18,Low
2022-08-11,Chennai,25.79,70.12,4.42,438.66,56.6,385.61,2782.35,23.48,9.18,Low
2022-08-12,Mumbai,25.04,70.4,4.88,425.14,56.9,347.9,2902.76,19.5,4.41,Low
2022-08-13,Chennai,24.95,76.74,0.51,440.15,72.6,338.59,2966.31,13.13,15.86,Low
2022-08-14,Delhi,23.32,71.86,0.13,436.14,98.2,395.62,3035.12,13.83,9.13,Low
2022-08-15,Hyderabad,27.53,72.1,1.52,435.58,71.1,427.26,2917.0,10.33,11.72,Low
2022-08-16,Delhi,25.36,60.9,0.95,441.36,40.6,339.93,2625.42,17.18,17.98,Low
2022-08-17,Hyderabad,22.15,71.99,2.25,434.65,86.2,367.75,2984.36,11.61,7.06,Low
2022-08-18,Hyderabad,24.47,65.61,2.22,437.66,66.8,394.15,2868.65,18.66,7.8,Low
2022-08-19,Bengaluru,21.11,76.52,10.2,428.99,80.1,307.73,2817.52,22.51,16.82,Low
2022-08-20,Delhi,26.92,70.14,2.45,430.98,65.4,398.8,2985.35,10.75,15.45,Low
2022-08-21,Bengaluru,26.48,67.88,4.2,433.7,81.4,421.93,2412.7,7.82,4.84,Low
2022-08-22,Chennai,23.08,70.11,8.4,433.67,82.6,354.93,2953.77,14.8,10.67,Low
2022-08-23,Mumbai,24.31,84.53,2.04,431.75,93.3,420.71,3020.72,18.12,0.69,Low
2022-08-24,Hyderabad,23.56,69.94,3.04,450.1,94.0,359.19,3062.81,11.9,11.78,Low
2022-08-25,Hyderabad,21.88,72.4,2.63,428.77,51.5,376.53,2925.94,17.22,2.17,Low
2022-08-26,Bengaluru,22.53,68.91,10.75,441.82,75.3,372.45,3102.93,24.39,9.22,Low
2022-08-27,Bengaluru,25.74,62.9,12.26,429.23,63.6,394.27,2399.93,19.18,14.05,Low
2022-08-28,Delhi,23.52,72.51,1.62,451.43,70.3,354.01,2940.12,26.02,17.26,Low
2022-08-29,Mumbai,23.35,74.79,4.23,432.23,65.6,453.39,2844.97,14.92,10.65,Low
2022-08-30,Mumbai,25.14,83.53,5.64,433.34,71.0,374.57,3021.29,17.13,2.02,Low
2022-08-31,Hyderabad,22.66,70.93,8.77,437.69,73.4,365.39,3025.09,18.88,8.43,Low
2022-09-01,Chennai,26.19,77.85,3.0,427.23,74.2,379.97,2575.46,13.09,15.25,Low
2022-09-02,Bengaluru,25.55,69.52,6.23,431.39,68.8,355.33,3219.73,17.81,28.55,Low
2022-09-03,Delhi,23.88,64.66,3.06,441.9,56.3,375.34,2818.26,18.49,7.49,Low
2022-09-04,Hyderabad,23.02,61.21,1.11,441.39,82.3,390.34,2698.97,11.23,11.7,Low
2022-09-05,Bengaluru,23.41,74.52,2.88,440.1,89.9,364.02,3291.07,9.53,16.35,Low
2022-09-06,Mumbai,23.71,80.1,3.64,441.16,108.1,412.92,2974.64,16.44,9.39,Low
2022-09-07,Delhi,24.54,66.51,4.58,436.02,93.1,474.3,2751.36,22.05,9.0,Low
2022-09-08,Delhi,22.85,64.25,0.09,448.92,94.4,347.49,2986.43,11.28,14.26,Low
2022-09-09,Mumbai,21.94,66.98,10.32,442.84,58.6,368.88,2606.72,22.61,1.76,Low
2022-09-10,Bengaluru,22.49,77.16,3.97,446.05,44.4,325.82,2816.44,16.37,17.47,Low
2022-09-11,Hyderabad,24.38,62.0,1.35,438.51,84.3,359.36,2931.92,21.45,10.67,Low
2022-09-12,Bengaluru,24.44,61.54,7.2,444.53,83.7,407.64,2822.02,15.93,21.96,Low
2022-09-13,Delhi,24.71,59.77,3.09,439.01,92.9,366.43,3124.04,15.16,3.65,Low
2022-09-14,Mumbai,24.91,76.73,4.22,439.17,84.4,387.37,3073.64,23.72,11.76,Low
2022-09-15,Hyderabad,27.37,70.52,0.49,434.86,78.0,435.31,3010.22,13.39,15.72,Low
2022-09-16,Chennai,26.83,65.6,5.26,431.1,70.3,434.06,2823.12,13.13,0.0,Low
2022-09-17,Hyderabad,22.92,80.18,0.28,445.4,76.1,384.16,2843.46,17.58,17.25,Low
2022-09-18,Delhi,24.79,63.14,3.1,434.11,69.1,333.57,2843.01,12.09,13.46,Low
2022-09-19,Bengaluru,24.22,65.23,1.46,445.31,91.1,364.76,2491.72,19.34,6.6,Low
2022-09-20,Chennai,25.7,74.88,2.98,423.35,66.5,350.69,2790.81,15.92,8.23,Low
2022-09-21,Chennai,23.72,61.7,12.14,431.87,67.4,381.44,2588.21,22.26,7.63,Low
2022-09-22,Hyderabad,21.04,77.26,2.61,431.67,60.6,326.18,2719.05,15.13,11.34,Low
2022-09-23,Mumbai,22.25,76.54,0.85,432.61,75.9,351.55,2948.87,22.46,13.24,Low
2022-09-24,Mumbai,23.96,76.11,1.05,437.33,100.5,390.97,3032.92,25.76,8.04,Low
2022-09-25,Mumbai,27.05,75.71,10.91,438.38,88.4,463.08,3122.07,22.11,6.52,Low
2022-09-26,Mumbai,22.28,76.96,13.74,431.0,79.1,410.75,3168.19,17.05,14.52,Low
2022-09-27,Delhi,22.48,72.08,1.38,432.5,94.1,416.68,3281.07,17.99,22.69,Low
2022-09-28,Chennai,21.73,63.62,6.46,430.54,62.7,368.27,2789.33,14.02,15.28,Low
2022-09-29,Delhi,23.26,61.25,3.73,431.16,72.9,372.36,2643.17,24.68,13.33,Low
2022-09-30,Mumbai,22.31,68.58,8.04,434.86,77.3,310.91,2942.48,22.09,12.73,Low
2022-10-01,Chennai,21.66,74.37,4.8,436.87,89.9,334.93,2775.82,24.37,14.62,Low
2022-10-02,Delhi,23.57,73.27,13.3,434.84,75.8,374.93,3029.41,23.98,3.73,Low
2022-10-03,Hyderabad,24.73,78.41,1.81,424.7,66.1,382.4,2826.74,16.85,7.08,Low
2022-10-04,Delhi,23.3,78.43,2.74,433.8,78.0,317.31,3200.88,21.8,10.03,Low
2022-10-05,Bengaluru,24.25,59.57,4.19,433.78,66.8,401.54,3185.89,18.39,9.0,Low
2022-10-06,Chennai,22.52,76.39,4.42,438.25,75.5,326.03,3090.32,26.44,21.54,Low
2022-10-07,Hyderabad,25.93,66.23,4.49,438.03,85.7,387.12,3125.01,18.75,5.82,Low
2022-10-08,Delhi,23.81,82.87,0.44,439.25,93.0,370.44,3472.95,21.68,22.31,Low
2022-10-09,Hyderabad,26.04,78.69,0.22,452.47,108.4,411.68,3031.18,30.43,6.5,Low
2022-10-10,Mumbai,23.08,76.13,0.06,428.18,56.3,293.99,3000.58,22.05,4.57,Low
2022-10-11,Delhi,23.72,79.64,1.5,476.55558505421646,160.39405081821803,661.2683014738475,3080.31,24.26,9.18,Low
2022-10-12,Delhi,23.46,73.62,10.72,449.64,92.9,419.75,3159.04,12.35,12.6,Low
2022-10-13,Delhi,21.95,74.5,2.62,437.43,95.4,385.26,2945.62,18.14,10.18,Low
2022-10-14,Bengaluru,21.13,67.09,2.73,451.46,73.4,371.15,2803.37,13.17,5.4,Low
2022-10-15,Bengaluru,23.07,75.54,6.14,434.82,66.1,388.35,2876.03,24.57,0.0,Low
2022-10-16,Mumbai,22.65,86.61,0.28,440.21,63.7,355.16,2638.7,21.23,8.43,Low
2022-10-17,Delhi,23.82,75.74,5.33,429.58,105.2,351.47,2957.63,19.97,15.92,Low
2022-10-18,Delhi,21.44,83.55,2.14,438.08,75.8,336.27,3017.45,35.55,10.66,Low
2022-10-19,Bengaluru,22.19,74.69,0.74,437.54,85.6,380.15,2634.23,21.9,1.17,Low
2022-10-20,Bengaluru,23.51,67.05,2.13,435.04,68.9,390.42,2806.01,23.68,9.44,Low
2022-10-21,Bengaluru,27.55,78.28,6.29,435.13,70.5,375.51,3106.47,14.5,16.6,Low
2022-10-22,Chennai,26.44,58.45,2.88,447.61,86.2,376.93,2826.66,25.65,7.68,Low
2022-10-23,Bengaluru,23.15,63.01,1.6,431.92,60.5,387.36,2621.66,22.13,3.82,Low
2022-10-24,Hyderabad,26.11,73.21,1.58,446.47,67.9,421.19,2896.76,19.76,6.35,Low
2022-10-25,Bengaluru,23.78,68.92,1.46,432.03,45.2,425.44,2542.52,14.66,4.44,Low
2022-10-26,Hyderabad,28.19,75.04,1.05,445.55,74.5,389.43,3307.29,20.89,5.47,Low
2022-10-27,Delhi,23.62,69.91,1.19,435.8,102.6,353.97,2557.63,21.28,0.79,Low
2022-10-28,Mumbai,25.7,67.62,8.55,427.88,83.6,401.11,3179.39,22.13,1.3,Low
2022-10-29,Mumbai,24.7,56.66,3.62,439.48,86.9,429.78,2926.59,18.15,14.22,Low
2022-10-30,Hyderabad,23.74,64.39,1.62,443.12,86.0,441.79,3110.55,25.45,8.66,Low
2022-10-31,Bengaluru,26.43,66.17,3.03,438.5,73.1,394.48,2877.57,22.45,16.1,Low
2022-11-01,Mumbai,25.18,73.84,7.7,439.94,81.3,337.3,2919.23,18.17,10.77,Low
2022-11-02,Mumbai,25.26,64.23,3.37,430.87,85.0,337.28,3125.71,26.36,15.58,Low
2022-11-03,Chennai,25.58,74.76,3.11,438.65,83.0,352.89,2886.33,25.09,6.73,Low
2022-11-04,Chennai,24.53,78.31,2.35,433.96,89.2,386.58,3385.45,23.63,8.36,Low
2022-11-05,Bengaluru,24.61,71.9,1.14,451.58,60.6,374.89,2924.86,19.87,11.15,Low
2022-11-06,Mumbai,23.83,63.04,16.97,438.03,59.1,328.78,2590.14,28.09,18.26,Low
2022-11-07,Chennai,23.48,76.76,11.38,432.27,91.2,366.59,2896.26,23.08,17.08,Low
2022-11-08,Hyderabad,25.24,74.07,2.16,440.45,73.6,409.53,3128.44,26.84,9.38,Low
2022-11-09,Chennai,26.4,64.53,1.37,455.49,74.8,406.2,2945.81,31.43,8.48,Low
2022-11-10,Delhi,25.39,70.39,4.07,423.58,101.1,407.52,2773.21,33.66,5.31,Low
2022-11-11,Hyderabad,24.45,71.9,9.04,445.24,87.2,408.82,2938.3,21.97,10.96,Low
2022-11-12,Chennai,24.42,71.9,2.88,440.52,61.5,368.88,2680.3,29.19,7.51,Low
2022-11-13,Delhi,25.69,76.19,2.5,439.31,74.6,421.14,2931.98,24.97,13.28,Low
2022-11-14,Mumbai,23.69,68.59,4.6,505.503084005164,185.7968188705914,637.4160580757913,3051.54,32.73,0.69,Low
2022-11-15,Hyderabad,24.71,71.41,4.58,439.12,92.3,389.25,2916.04,28.79,24.84,Low
2022-11-16,Bengaluru,24.22,74.04,1.09,443.09,80.6,383.28,2936.5,26.69,13.4,Low
2022-11-17,Delhi,24.77,68.2,5.69,446.31,47.6,392.94,3089.73,29.59,12.51,Low
2022-11-18,Delhi,26.74,71.8,6.74,438.36,91.2,438.73,3255.17,22.36,8.77,Low
2022-11-19,Chennai,25.33,63.9,24.44,446.58,62.8,406.98,3065.6,34.58,10.42,Low
2022-11-20,Mumbai,29.19,66.84,3.65,441.92,74.7,436.06,3024.27,30.38,15.27,Moderate
2022-11-21,Chennai,24.92,62.75,1.46,495.9996026618618,173.37928407561878,644.0290048747821,3065.53,30.41,2.39,Low
2022-11-22,Bengaluru,24.87,74.13,0.81,443.26,81.6,412.23,2807.81,27.43,19.89,Low
2022-11-23,Mumbai,25.99,61.05,9.17,436.99,89.6,407.07,2708.26,31.29,2.78,Low
2022-11-24,Hyderabad,25.75,75.64,7.51,444.36,83.7,443.57,3010.16,30.65,11.29,Low
2022-11-25,Mumbai,24.87,66.97,1.58,440.78,93.3,368.24,2923.32,20.67,14.58,Low
2022-11-26,Bengaluru,25.45,64.66,8.46,440.48,77.8,460.47,2803.09,30.13,7.35,Low
2022-11-27,Chennai,26.38,71.62,7.49,439.96,72.7,416.06,2914.34,27.48,12.77,Low
2022-11-28,Chennai,21.9,56.82,4.21,444.36,91.2,356.52,2869.3,38.44,9.67,Low
2022-11-29,Chennai,24.0,75.59,1.49,449.06,90.3,412.26,2966.17,31.34,16.77,Low
2022-11-30,Hyderabad,27.35,80.17,0.97,440.48,71.9,415.01,3122.11,30.27,3.13,Low
2022-12-01,Hyderabad,27.72,76.96,7.3,442.61,93.4,463.25,3179.43,25.9,6.78,Low
2022-12-02,Delhi,26.86,67.8,3.8,440.76,71.7,399.1,3463.83,32.22,10.05,Low
2022-12-03,Hyderabad,22.74,65.1,1.68,450.42,57.1,381.52,2774.8,26.94,14.88,Low
2022-12-04,Hyderabad,23.84,75.79,13.06,441.07,66.1,330.49,3078.63,23.31,8.95,Low
2022-12-05,Bengaluru,26.45,69.58,2.87,450.61,84.6,463.65,3259.66,27.83,6.56,Low
2022-12-06,Mumbai,27.03,71.94,0.41,454.54,63.0,347.35,3063.6,27.4,11.17,Low
2022-12-07,Delhi,27.92,68.48,8.12,430.28,79.5,514.09,3180.35,25.24,10.67,Low
2022-12-08,Mumbai,27.38,61.26,4.1,444.03,99.2,388.29,2899.54,36.89,22.77,Low
2022-12-09,Chennai,27.21,68.87,7.41,447.32,108.6,461.09,3003.41,29.56,12.71,Moderate
2022-12-10,Hyderabad,30.07,62.94,1.51,441.7,85.7,415.3,3182.23,29.4,11.78,Moderate
2022-12-11,Mumbai,27.15,64.53,11.63,445.05,71.2,394.15,3151.26,31.6,13.55,Low
2022-12-12,Mumbai,22.32,73.9,2.03,447.66,100.8,404.64,2585.52,32.48,9.93,Low
2022-12-13,Bengaluru,27.14,84.51,17.13,435.85,108.6,460.93,2961.18,30.65,15.62,Low
2022-12-14,Hyderabad,26.21,71.42,1.78,431.45,84.6,469.15,2834.0,31.64,11.59,Low
2022-12-15,Hyderabad,26.98,61.22,2.02,445.08,94.5,450.21,2885.5,29.19,9.64,Low
2022-12-16,Hyderabad,26.27,71.99,0.72,442.84,109.3,445.85,3137.02,30.62,11.92,Low
2022-12-17,Mumbai,28.63,70.04,4.03,454.89,76.7,421.66,3186.0,28.44,11.61,Moderate
2022-12-18,Mumbai,26.24,71.52,4.71,451.02,101.2,423.6,2816.3,35.48,11.5,Low
2022-12-19,Delhi,27.48,70.76,2.67,444.89,95.4,445.86,3198.55,28.35,8.09,Low
2022-12-20,Bengaluru,25.72,81.31,3.19,464.06,89.1,399.1,3231.48,32.12,13.25,Low
2022-12-21,Chennai,27.05,73.29,3.16,465.0,90.8,375.97,3119.53,22.98,15.14,Low
2022-12-22,Bengaluru,23.7,62.46,2.64,460.98,84.9,384.79,2684.13,34.97,12.56,Low
2022-12-23,Chennai,25.97,71.12,4.85,464.01,86.3,432.39,3116.98,29.86,3.43,Low
2022-12-24,Hyderabad,29.07,71.92,6.16,439.82,64.8,366.72,3031.16,28.27,12.15,Low
2022-12-25,Bengaluru,29.62,74.96,6.72,448.44,90.8,480.74,3087.97,37.13,11.44,Moderate
2022-12-26,Chennai,26.53,74.64,4.06,439.22,57.2,381.22,2918.7,27.17,5.71,Low
2022-12-27,Chennai,30.77,71.37,14.64,444.47,89.2,411.59,3199.62,38.33,9.78,Moderate
2022-12-28,Mumbai,25.74,77.32,11.1,454.9,86.0,439.81,2995.67,32.63,19.97,Low
2022-12-29,Mumbai,27.54,73.61,0.29,448.35,74.0,444.02,3255.85,30.77,10.3,Low
2022-12-30,Bengaluru,28.69,60.62,4.56,436.58,91.7,434.08,3008.83,29.47,4.31,Low
2022-12-31,Delhi,25.62,67.77,10.78,448.7,91.2,384.23,2816.84,33.72,13.27,Low
2023-01-01,Chennai,29.22,69.69,1.22,446.36,94.6,431.14,3026.78,31.35,13.84,Moderate
2023-01-02,Delhi,29.27,75.47,2.41,454.55,80.3,412.87,3475.73,32.02,2.28,Moderate
2023-01-03,Chennai,24.49,63.17,4.19,449.6,80.6,324.68,2906.19,30.56,5.65,Low
2023-01-04,Mumbai,25.9,66.32,6.36,454.53,116.1,367.65,3052.47,25.31,7.92,Low
2023-01-05,Hyderabad,28.04,81.85,11.94,447.37,79.9,464.89,3251.35,27.61,6.94,Low
2023-01-06,Chennai,30.44,71.28,6.21,464.57,105.6,377.3,3377.27,29.53,7.86,Moderate
2023-01-07,Mumbai,30.04,73.3,4.49,450.16,68.2,368.8,3227.55,29.41,15.04,Moderate
2023-01-08,Mumbai,26.86,83.0,12.37,449.67,91.3,408.57,2808.86,33.83,14.94,Low
2023-01-09,Delhi,28.91,70.51,1.5,461.22,84.8,439.88,3067.48,23.72,15.19,Moderate
2023-01-10,Chennai,26.24,56.74,6.22,446.06,115.7,379.86,2888.76,40.42,12.63,Low
2023-01-11,Mumbai,28.12,66.53,10.29,457.96,75.8,400.84,3133.85,31.94,21.06,Moderate
2023-01-12,Chennai,26.69,69.0,5.94,432.83,65.6,390.99,2684.5,28.89,14.68,Low
2023-01-13,Chennai,29.51,66.0,17.56,451.15,83.0,420.87,3113.07,34.89,11.62,Moderate
2023-01-14,Mumbai,28.33,73.04,5.84,439.65,87.4,458.14,2806.8,28.71,13.76,Moderate
2023-01-15,Delhi,32.07,74.47,4.13,452.78,76.6,508.05,3429.88,30.18,22.83,Moderate
2023-01-16,Mumbai,26.89,67.24,3.41,446.15,82.5,448.45,3094.71,36.33,15.39,Low
2023-01-17,Delhi,24.73,69.84,10.08,451.23,56.5,351.84,3055.98,25.61,15.76,Low
2023-01-18,Hyderabad,27.91,68.93,0.87,458.42,83.9,418.18,3117.6,34.99,2.43,Low
2023-01-19,Chennai,31.08,71.55,19.28,442.2,75.7,492.52,3084.86,35.77,13.4,Moderate
2023-01-20,Bengaluru,29.05,75.37,4.53,440.76,85.1,459.71,2908.31,34.53,10.46,Moderate
2023-01-21,Mumbai,29.87,67.53,22.05,452.04,81.9,434.02,3332.25,37.99,8.28,Moderate
2023-01-22,Hyderabad,27.39,73.89,6.05,454.29,82.7,411.91,3141.58,34.15,18.21,Low
2023-01-23,Bengaluru,32.06,72.29,1.17,445.27,85.3,509.14,3123.51,38.84,23.87,Moderate
2023-01-24,Bengaluru,29.52,72.13,3.33,458.98,79.3,440.47,3180.97,35.68,11.48,Moderate
2023-01-25,Hyderabad,31.11,75.15,3.33,444.72,92.2,495.89,3225.63,31.56,9.89,Moderate
2023-01-26,Chennai,30.08,77.61,7.45,448.28,65.2,373.29,3356.2,28.92,9.72,Moderate
2023-01-27,Bengaluru,28.5,76.12,17.26,461.74,88.3,418.96,3037.85,28.01,21.47,Moderate
2023-01-28,Chennai,25.88,66.81,14.3,458.21,84.6,382.56,3036.56,37.62,13.87,Low
2023-01-29,Hyderabad,29.05,77.5,15.16,457.2,82.3,378.72,3053.6,35.42,6.54,Moderate
2023-01-30,Mumbai,28.03,62.21,0.76,505.8980166196483,153.19768533727404,657.2191718694968,3013.81,39.47,19.87,Moderate
2023-01-31,Hyderabad,29.6,70.89,1.01,468.7,96.6,465.64,3340.89,40.92,18.25,Moderate
2023-02-01,Delhi,25.67,60.64,5.37,458.21,68.2,475.88,2632.86,23.25,5.35,Low
2023-02-02,Mumbai,27.04,67.34,8.25,448.87,80.9,436.08,3106.99,29.21,4.14,Low
2023-02-03,Mumbai,27.92,70.07,9.04,449.18,83.6,416.66,2876.08,27.36,13.17,Low
2023-02-04,Bengaluru,29.88,71.76,3.52,441.08,67.3,462.96,3121.25,30.57,7.22,Moderate
2023-02-05,Delhi,31.45,69.15,4.79,448.02,61.8,521.27,2986.57,31.15,13.3,Moderate
2023-02-06,Mumbai,29.94,66.09,4.79,455.5,94.4,500.89,2902.58,39.87,8.7,Moderate
2023-02-07,Mumbai,30.27,62.53,4.64,466.21,86.3,435.47,3283.06,32.02,14.47,Moderate
2023-02-08,Mumbai,29.91,64.25,3.22,462.72,131.2,546.98,3079.35,28.74,15.34,Moderate
2023-02-09,Hyderabad,29.72,65.49,2.48,458.01,78.5,480.76,2960.71,31.3,8.66,Moderate
2023-02-10,Bengaluru,32.37,70.22,0.27,464.74,73.5,497.42,3109.81,37.92,20.73,Moderate
2023-02-11,Bengaluru,29.22,69.94,5.06,462.25,79.8,437.37,2887.58,41.66,14.98,Moderate
2023-02-12,Mumbai,31.07,62.44,5.68,457.83,98.7,451.8,3218.54,33.88,10.74,Moderate
2023-02-13,Chennai,31.5,59.95,4.97,470.93,69.6,478.1,2823.81,28.0,13.05,Moderate
2023-02-14,Chennai,29.49,63.22,2.96,449.34,73.6,437.56,2853.28,26.02,3.54,Moderate
2023-02-15,Hyderabad,27.42,70.64,1.39,441.55,77.1,387.32,2929.0,36.34,12.73,Low
2023-02-16,Chennai,29.13,77.01,2.05,463.0,85.1,450.05,3429.77,28.9,17.98,Moderate
2023-02-17,Delhi,30.26,71.49,9.59,457.59,86.3,469.48,3217.4,36.87,2.4,Moderate
2023-02-18,Chennai,29.46,76.89,13.18,442.09,112.1,399.77,3152.09,38.09,11.86,Moderate
2023-02-19,Delhi,32.52,63.46,3.42,449.74,79.5,444.43,3201.42,25.15,26.37,Moderate
2023-02-20,Hyderabad,28.24,77.8,2.79,467.5,103.5,386.04,3346.63,26.73,10.45,Moderate
2023-02-21,Chennai,29.02,71.66,13.6,459.02,95.4,405.77,2817.22,18.9,20.93,Moderate
2023-02-22,Delhi,31.63,59.12,3.66,445.87,108.5,449.1,3300.64,34.72,22.34,Moderate
2023-02-23,Bengaluru,31.88,73.52,20.03,469.32,102.1,472.89,3205.79,38.85,13.93,Moderate
2023-02-24,Chennai,30.09,61.74,6.66,458.84,45.6,459.23,3122.87,24.49,2.82,Moderate
2023-02-25,Hyderabad,28.84,69.96,3.93,455.3,66.5,443.28,3030.86,34.48,2.18,Low
2023-02-26,Chennai,30.64,76.26,5.11,463.88,91.9,384.45,3360.28,22.5,14.81,Moderate
2023-02-27,Hyderabad,31.71,68.79,11.81,458.92,90.9,500.55,3085.89,22.86,17.03,Moderate
2023-02-28,Chennai,29.54,75.21,4.79,453.59,97.9,541.76,3146.28,29.43,2.99,Moderate
2023-03-01,Mumbai,32.93,71.79,6.58,457.06,69.9,394.56,3181.42,37.16,22.48,Moderate
2023-03-02,Delhi,29.85,57.2,10.9,461.06,105.3,390.69,2931.74,29.77,15.93,Moderate
2023-03-03,Chennai,35.81,62.84,8.05,450.5,98.1,569.91,3326.58,28.92,55.62,High
2023-03-04,Delhi,31.95,71.3,18.16,461.61,90.5,455.65,3233.68,30.0,17.48,Moderate
2023-03-05,Mumbai,32.34,65.11,6.92,450.66,94.3,457.08,2919.55,35.32,17.96,Moderate
2023-03-06,Bengaluru,32.96,72.77,3.83,455.89,95.1,473.26,2841.75,28.2,31.94,Moderate
2023-03-07,Hyderabad,32.58,63.95,2.66,462.11,83.2,597.7,3237.05,31.1,24.93,Moderate
2023-03-08,Mumbai,32.08,71.88,3.46,454.09,97.9,470.89,3387.73,30.73,16.37,Moderate
2023-03-09,Bengaluru,31.57,68.82,8.26,467.53,115.4,484.21,3580.05,38.28,18.05,Moderate
2023-03-10,Chennai,34.25,80.05,27.9,466.43,119.1,539.31,3106.68,40.53,44.62,High
2023-03-11,Delhi,29.0,79.09,0.99,459.97,62.3,455.36,3196.33,27.87,9.9,Moderate
2023-03-12,Bengaluru,29.94,76.28,5.53,459.19,56.9,515.24,3177.33,35.03,14.22,Moderate
2023-03-13,Mumbai,30.94,60.22,11.69,460.05,110.3,435.37,3181.85,35.89,7.76,Moderate
2023-03-14,Chennai,30.76,60.45,4.84,452.41,60.6,465.91,3124.06,35.33,15.95,Moderate
2023-03-15,Chennai,29.27,76.23,0.83,454.78,84.1,436.39,2990.95,38.66,6.71,Moderate
2023-03-16,Chennai,31.48,71.77,9.87,455.97,85.4,437.03,2780.56,26.35,18.18,Moderate
2023-03-17,Bengaluru,29.36,76.66,6.76,455.1,85.9,417.26,3088.64,26.41,14.49,Moderate
2023-03-18,Chennai,31.26,78.21,9.51,510.2938864450913,159.74719437808506,949.5202835333073,3281.34,38.09,26.7,Moderate
2023-03-19,Bengaluru,29.86,61.01,1.91,458.74,98.4,460.97,3008.04,26.82,13.66,Moderate
2023-03-20,Hyderabad,31.45,63.2,7.98,462.66,82.5,442.89,3188.78,24.25,18.12,Moderate
2023-03-21,Hyderabad,31.2,67.25,6.12,452.07,79.5,423.63,3093.57,32.27,8.51,Moderate
2023-03-22,Chennai,29.76,71.37,3.71,463.1,62.0,456.15,3395.5,29.0,13.56,Moderate
2023-03-23,Bengaluru,30.19,52.85,4.3,449.99,76.6,480.72,2908.13,34.33,8.18,Moderate
2023-03-24,Chennai,30.59,69.95,16.3,456.17,81.5,451.03,3138.26,28.83,15.89,Moderate
2023-03-25,Delhi,31.03,80.01,11.51,448.24,69.0,439.81,3291.53,33.56,6.96,Moderate
2023-03-26,Chennai,31.61,70.82,8.15,453.49,96.8,462.08,2731.16,23.69,19.56,Moderate
2023-03-27,Chennai,31.82,76.5,4.56,473.05,102.8,464.66,2954.8,33.84,16.2,Moderate
2023-03-28,Mumbai,32.59,67.24,6.48,468.48,81.3,456.88,2900.87,30.78,19.31,Moderate
2023-03-29,Bengaluru,30.05,70.81,3.79,445.4,99.7,510.71,3325.24,25.67,8.9,Moderate
2023-03-30,Mumbai,30.78,70.79,7.66,461.01,104.6,447.05,3226.27,26.77,12.22,Moderate
2023-03-31,Mumbai,26.59,71.1,0.27,460.4,88.5,434.51,2837.56,33.75,6.79,Low
2023-04-01,Delhi,34.94,74.92,3.69,454.05,103.3,534.75,3143.04,36.34,53.32,High
2023-04-02,Chennai,29.06,57.89,5.86,450.22,73.8,449.5,2898.3,25.24,17.59,Moderate
2023-04-03,Delhi,32.21,65.17,2.21,474.49,96.1,451.75,3193.23,24.95,19.4,Moderate
2023-04-04,Chennai,31.54,65.46,0.41,459.17,94.0,482.02,3019.57,28.77,19.56,Moderate
2023-04-05,Chennai,33.76,75.05,10.24,455.8,107.4,545.39,3219.58,27.47,30.97,Moderate
2023-04-06,Hyderabad,33.17,68.72,0.18,453.62,84.7,542.96,3057.14,15.87,26.84,Moderate
2023-04-07,Delhi,36.57,81.63,20.28,450.86,112.0,516.71,3414.58,25.11,68.33,High
2023-04-08,Hyderabad,31.64,55.13,2.78,463.58,100.8,468.93,2976.95,26.04,11.38,Moderate
2023-04-09,Delhi,32.6,66.44,0.52,467.6,82.7,461.97,3403.66,29.85,24.05,Moderate
2023-04-10,Hyderabad,32.56,70.96,38.32,465.99,89.0,525.11,2998.02,26.68,23.95,Moderate
2023-04-11,Hyderabad,27.74,74.5,29.0,467.07,73.1,425.61,3022.36,22.28,10.74,Low
2023-04-12,Mumbai,30.0,77.15,1.91,454.11,118.0,419.0,2739.34,26.06,13.47,Moderate
2023-04-13,Bengaluru,31.85,70.94,9.13,453.74,63.6,442.86,3267.04,33.56,22.34,Moderate
2023-04-14,Mumbai,31.66,63.47,3.41,460.56,84.6,406.43,3162.74,29.14,23.53,Moderate
2023-04-15,Mumbai,32.88,69.94,2.71,468.57,102.6,529.32,3112.23,31.91,28.95,Moderate
2023-04-16,Bengaluru,34.02,65.19,3.36,461.59,79.1,497.46,3404.7,20.49,36.04,Moderate
2023-04-17,Delhi,32.74,70.45,9.64,461.98,104.1,455.36,3134.71,31.51,23.32,Moderate
2023-04-18,Delhi,32.69,64.48,2.63,470.65,105.0,484.61,3036.1,32.55,25.3,Moderate
2023-04-19,Chennai,30.45,76.82,13.03,448.91,76.0,451.88,3438.5,26.19,12.95,Moderate
2023-04-20,Mumbai,28.65,60.85,6.59,462.41,93.9,388.09,3151.77,19.49,19.22,Moderate
2023-04-21,Delhi,30.25,71.12,29.85,452.42,87.2,434.13,2987.29,27.65,9.59,Moderate
2023-04-22,Delhi,31.71,74.73,8.31,467.5,89.0,492.28,3436.13,23.23,22.8,Moderate
2023-04-23,Delhi,34.14,66.5,3.53,450.9,104.2,523.09,3203.67,24.19,32.76,Moderate
2023-04-24,Bengaluru,32.06,76.68,2.53,459.45,113.1,462.68,2971.59,20.34,23.15,Moderate
2023-04-25,Chennai,33.05,70.44,1.54,453.57,73.1,461.43,3270.97,36.42,19.39,Moderate
2023-04-26,Chennai,30.96,59.29,6.48,533.2449152920341,198.1243593364037,730.3326295739157,2738.02,19.42,9.8,Moderate
2023-04-27,Bengaluru,34.71,66.61,7.57,461.46,85.2,570.86,3422.07,29.05,48.51,High
2023-04-28,Mumbai,33.31,64.98,2.67,451.96,83.3,466.72,3326.33,24.5,29.98,Moderate
2023-04-29,Bengaluru,29.05,59.95,13.32,459.24,100.9,465.91,2719.1,23.43,6.62,Moderate
2023-04-30,Mumbai,33.15,63.9,7.48,462.65,84.0,519.08,3533.33,33.87,33.72,Moderate
2023-05-01,Bengaluru,31.66,70.19,25.35,447.92,98.4,493.04,3233.45,25.99,15.33,Moderate
2023-05-02,Chennai,31.11,67.85,14.99,468.62,71.0,479.59,3369.4,29.8,6.36,Moderate
2023-05-03,Delhi,30.41,67.6,5.62,458.25,90.1,449.89,2792.15,23.96,10.72,Moderate
2023-05-04,Chennai,28.19,70.88,38.19,461.13,89.4,464.61,3159.21,28.99,12.38,Moderate
2023-05-05,Mumbai,31.53,54.19,6.19,462.17,113.7,488.74,3385.84,29.36,13.58,Moderate
2023-05-06,Delhi,31.01,66.33,5.82,457.86,71.3,464.33,3167.48,32.3,16.4,Moderate
2023-05-07,Hyderabad,30.52,65.37,17.6,448.84,97.4,487.9,2971.45,22.18,7.3,Moderate
2023-05-08,Bengaluru,31.93,50.0,1.33,459.34,92.3,471.29,3145.78,27.7,15.82,Moderate
2023-05-09,Chennai,31.43,70.7,10.27,467.84,92.5,477.41,2849.36,23.75,16.65,Moderate
2023-05-10,Delhi,31.58,74.73,7.76,453.23,89.5,465.94,3174.09,23.57,14.81,Moderate
2023-05-11,Chennai,29.17,68.92,0.93,460.79,95.9,388.75,3142.68,30.3,11.92,Moderate
2023-05-12,Delhi,28.86,68.54,4.72,468.08,100.2,389.17,3078.36,27.3,8.65,Moderate
2023-05-13,Hyderabad,31.28,64.72,0.36,458.54,132.6,477.28,3204.93,19.83,9.58,Moderate
2023-05-14,Bengaluru,31.49,82.89,11.09,460.3,88.3,471.68,3149.68,25.58,13.62,Moderate
2023-05-15,Chennai,30.81,81.89,7.24,452.9,72.8,460.69,3240.41,25.52,4.55,Moderate
2023-05-16,Delhi,30.6,69.36,14.44,459.24,93.1,459.28,3041.42,18.19,15.9,Moderate
2023-05-17,Hyderabad,29.62,73.19,2.95,465.8,104.9,421.41,2958.15,17.49,11.17,Moderate
2023-05-18,Chennai,29.9,77.07,3.0,452.67,83.6,466.82,2887.02,26.06,9.46,Moderate
2023-05-19,Delhi,31.13,67.35,14.01,465.62,104.0,450.33,3439.93,25.3,14.05,Moderate
2023-05-20,Chennai,30.26,78.29,23.16,454.93,86.3,436.68,2908.01,23.85,4.23,Moderate
2023-05-21,Chennai,31.73,84.54,7.15,458.6,89.7,478.39,3187.72,22.36,16.09,Moderate
2023-05-22,Hyderabad,28.8,63.69,2.35,463.86,73.6,408.21,2967.28,22.47,5.79,Moderate
2023-05-23,Delhi,30.49,71.95,13.14,460.12,99.1,465.39,3275.39,18.34,16.04,Moderate
2023-05-24,Mumbai,28.92,65.27,2.83,469.93,91.7,394.76,3241.73,22.63,16.66,Moderate
2023-05-25,Delhi,32.54,71.36,2.97,461.86,103.1,517.5,3587.2,20.95,27.59,Moderate
2023-05-26,Hyderabad,33.04,75.03,0.71,467.33,92.0,525.19,2989.42,21.3,25.11,Moderate
2023-05-27,Bengaluru,30.53,59.97,9.66,455.87,81.9,453.26,3191.37,17.91,15.0,Moderate
2023-05-28,Hyderabad,31.32,77.65,0.26,459.57,87.2,451.88,3203.17,24.58,11.34,Moderate
2023-05-29,Delhi,28.31,72.73,2.92,461.16,60.8,383.27,2787.35,20.66,6.9,Low
2023-05-30,Chennai,31.52,61.82,3.0,459.37,83.3,462.79,2665.34,22.44,15.11,Moderate
2023-05-31,Delhi,30.54,70.33,3.94,449.25,71.6,472.08,2631.88,27.33,5.59,Moderate
2023-06-01,Bengaluru,29.55,61.99,14.84,453.6,113.5,447.29,3167.9,19.94,14.29,Moderate
2023-06-02,Mumbai,27.8,80.92,9.53,464.18,97.0,423.15,3317.37,10.99,11.82,Moderate
2023-06-03,Mumbai,33.44,73.94,1.42,447.3,88.6,550.87,3502.63,11.41,34.21,Moderate
2023-06-04,Hyderabad,29.86,63.62,4.93,459.75,98.7,447.51,2695.39,20.58,9.18,Moderate
2023-06-05,Chennai,25.33,68.12,9.49,458.16,45.1,393.06,2771.77,27.0,8.37,Low
2023-06-06,Bengaluru,30.1,73.1,5.08,465.02,94.7,434.95,3314.35,20.32,7.64,Moderate
2023-06-07,Delhi,30.76,63.22,4.99,449.68,110.1,471.72,2866.85,23.83,9.33,Moderate
2023-06-08,Mumbai,32.67,67.98,9.22,478.54,84.2,532.73,3392.14,21.64,20.19,Moderate
2023-06-09,Delhi,29.47,63.53,7.49,462.8,95.4,456.02,2809.71,19.83,2.72,Moderate
2023-06-10,Chennai,29.36,61.32,9.66,462.53,105.6,404.35,3236.34,18.99,0.0,Moderate
2023-06-11,Mumbai,28.42,76.61,14.88,457.39,76.8,479.81,2743.09,25.35,13.68,Moderate
2023-06-12,Mumbai,29.58,67.39,12.05,462.88,106.7,447.9,2913.15,17.97,3.51,Moderate
2023-06-13,Mumbai,30.82,72.25,15.86,455.4,108.9,460.11,2748.07,20.02,11.54,Moderate
2023-06-14,Mumbai,29.18,59.68,2.74,456.5,106.1,441.23,2922.36,27.31,0.0,Moderate
2023-06-15,Delhi,32.65,72.54,3.92,442.22,109.9,479.73,3343.93,18.65,34.24,Moderate
2023-06-16,Chennai,27.51,78.6,6.25,455.92,76.0,393.48,3087.15,18.39,9.2,Low
2023-06-17,Mumbai,32.28,70.0,4.62,467.7,74.4,407.27,3302.26,16.31,13.7,Moderate
2023-06-18,Delhi,31.12,72.31,6.88,432.07,67.0,470.93,2915.37,18.97,10.15,Moderate
2023-06-19,Mumbai,31.28,68.67,2.02,457.26,78.3,432.18,2783.93,15.0,8.85,Moderate
2023-06-20,Hyderabad,28.04,66.42,1.38,469.29,91.2,357.66,3301.89,25.32,19.06,Moderate
2023-06-21,Delhi,27.1,73.77,5.36,463.28,86.2,406.99,3104.1,19.1,7.79,Low
2023-06-22,Hyderabad,27.47,78.21,6.74,446.77,119.4,439.34,3108.69,24.45,8.28,Moderate
2023-06-23,Delhi,29.19,71.57,4.88,461.1,100.1,417.57,3023.64,22.4,10.92,Moderate
2023-06-24,Bengaluru,32.41,65.99,9.56,454.3,81.0,471.67,3083.58,14.4,25.74,Moderate
2023-06-25,Delhi,29.29,73.22,3.86,469.46,99.6,384.72,3156.45,16.15,19.07,Moderate
2023-06-26,Mumbai,27.16,70.86,6.67,461.49,76.6,465.58,3051.61,26.29,5.33,Low
2023-06-27,Hyderabad,28.8,73.06,7.04,456.91,83.7,439.45,2959.57,14.91,14.11,Moderate
2023-06-28,Delhi,28.5,65.99,13.12,458.62,90.4,455.63,3059.51,19.85,8.17,Moderate
2023-06-29,Delhi,28.44,67.53,8.34,451.85,106.7,452.37,3366.6,19.85,8.97,Moderate
2023-06-30,Chennai,27.39,71.7,1.76,449.55,98.0,406.81,3052.11,21.8,3.37,Low
2023-07-01,Bengaluru,29.28,63.68,3.84,452.63,113.3,440.39,2949.99,27.02,19.04,Moderate
2023-07-02,Bengaluru,27.46,62.85,4.76,452.13,71.0,410.71,2990.34,15.57,9.84,Low
2023-07-03,Chennai,26.78,68.59,12.45,457.35,109.1,435.8,3197.5,14.28,11.92,Moderate
2023-07-04,Hyderabad,27.31,72.66,1.69,463.2,109.5,441.35,2912.39,12.38,6.88,Moderate
2023-07-05,Delhi,26.69,65.01,6.45,449.57,54.1,372.36,3074.5,12.19,6.53,Low
2023-07-06,Hyderabad,25.66,73.7,3.34,444.73,53.6,436.9,2885.45,22.87,14.87,Low
2023-07-07,Delhi,25.8,59.49,1.74,456.48,80.6,359.63,3035.36,14.74,7.56,Low
2023-07-08,Bengaluru,25.84,69.04,3.31,448.82,99.0,385.03,3139.56,21.2,11.67,Low
2023-07-09,Bengaluru,26.71,77.42,5.03,453.59,72.8,401.44,3039.76,19.58,16.09,Low
2023-07-10,Chennai,26.06,76.99,1.85,505.5527815111069,171.09452179105006,826.4815344185812,2982.23,19.03,18.81,Low
2023-07-11,Hyderabad,27.39,65.18,1.64,445.27,91.4,407.22,2891.73,15.66,12.37,Low
2023-07-12,Mumbai,29.44,69.69,12.56,457.32,73.0,428.23,3092.09,20.34,17.02,Moderate
2023-07-13,Mumbai,25.32,83.0,16.7,448.48,72.0,367.74,2940.87,22.71,11.63,Low
2023-07-14,Mumbai,24.46,69.8,5.02,458.31,85.2,356.67,2701.81,13.99,14.24,Low
2023-07-15,Chennai,29.07,66.79,7.76,465.26,112.1,453.26,2704.59,19.37,9.28,Moderate
2023-07-16,Hyderabad,27.31,73.59,1.27,460.53,103.1,350.16,2765.69,26.52,6.32,Low
2023-07-17,Bengaluru,28.85,56.52,1.77,458.02,101.3,509.86,3151.19,23.52,11.34,Moderate
2023-07-18,Mumbai,26.32,67.61,3.05,450.23,50.7,441.47,2911.36,10.73,18.45,Low
2023-07-19,Delhi,24.23,66.42,2.86,455.79,75.8,484.48,2896.54,18.29,1.51,Low
2023-07-20,Hyderabad,25.61,75.43,0.69,450.36,87.6,369.79,2641.3,17.01,18.91,Low
2023-07-21,Hyderabad,25.69,73.71,5.22,455.88,79.0,392.83,2875.54,22.04,9.95,Low
2023-07-22,Delhi,24.59,61.49,6.68,445.37,77.4,428.84,2608.56,9.26,6.04,Low
2023-07-23,Delhi,26.12,66.6,1.19,450.34,86.0,403.23,2607.98,23.46,0.0,Low
2023-07-24,Hyderabad,26.39,75.24,0.93,451.93,90.3,400.03,3043.76,20.44,17.33,Low
2023-07-25,Mumbai,27.58,64.01,2.21,447.73,108.4,389.04,3018.66,11.17,2.19,Low
2023-07-26,Hyderabad,22.71,78.44,2.46,456.52,80.1,334.44,2997.19,15.15,15.16,Low
2023-07-27,Chennai,26.17,77.72,2.11,465.8,83.5,373.2,2922.65,16.94,13.87,Low
2023-07-28,Bengaluru,26.34,71.65,2.04,455.33,90.6,494.23,2869.54,19.67,12.95,Low
2023-07-29,Bengaluru,27.87,76.69,1.71,445.0,93.0,412.48,2756.52,18.63,7.21,Low
2023-07-30,Bengaluru,26.85,77.12,1.8,461.24,95.3,410.27,3029.01,22.97,2.34,Low
2023-07-31,Chennai,28.04,76.13,7.9,446.92,93.0,390.45,2942.32,16.21,14.45,Low
2023-08-01,Hyderabad,22.52,67.13,1.37,451.21,95.8,359.67,2683.19,22.06,12.41,Low
2023-08-02,Bengaluru,27.51,77.21,3.52,463.87,92.0,415.85,2852.75,13.58,11.82,Moderate
2023-08-03,Bengaluru,25.71,71.12,8.41,459.78,76.0,382.58,3316.7,15.4,6.15,Low
2023-08-04,Delhi,26.21,72.72,0.97,455.41,74.5,415.38,3028.85,13.69,12.77,Low
2023-08-05,Chennai,26.16,68.24,1.76,458.47,99.8,362.69,3027.5,12.53,10.66,Low
2023-08-06,Mumbai,27.81,62.04,1.07,463.49,86.7,420.71,2928.96,14.15,0.28,Low
2023-08-07,Delhi,29.62,67.44,5.48,449.61,90.8,467.69,2830.35,21.55,6.98,Moderate
2023-08-08,Hyderabad,23.59,66.81,0.37,440.64,75.0,333.75,2785.87,25.73,6.77,Low
2023-08-09,Chennai,27.16,67.68,7.2,451.25,76.4,392.29,2949.74,10.15,13.52,Low
2023-08-10,Hyderabad,26.07,73.56,4.32,451.87,101.9,368.71,3068.92,25.0,10.44,Low
2023-08-11,Bengaluru,27.06,78.64,0.32,461.26,93.5,449.72,2876.84,17.87,17.24,Moderate
2023-08-12,Delhi,24.15,72.92,1.06,445.86,61.6,383.79,3134.86,15.05,13.87,Low
2023-08-13,Bengaluru,25.15,68.86,6.76,439.73,89.4,372.99,3037.33,17.05,5.22,Low
2023-08-14,Bengaluru,29.27,70.02,0.24,450.23,94.2,461.93,3165.16,14.39,0.0,Moderate
2023-08-15,Mumbai,23.34,57.11,6.27,445.93,97.6,333.04,2924.17,20.14,3.83,Low
2023-08-16,Bengaluru,26.71,69.89,3.45,451.2,86.3,433.5,2821.44,11.36,4.6,Low
2023-08-17,Mumbai,25.15,72.98,3.98,446.3,70.1,401.94,2911.95,19.03,8.11,Low
2023-08-18,Mumbai,24.2,66.99,3.96,472.12,107.0,364.83,2769.31,22.78,6.58,Low
2023-08-19,Chennai,26.09,77.04,5.13,444.62,80.3,437.82,2918.77,17.83,18.01,Low
2023-08-20,Delhi,24.42,75.9,1.37,458.42,65.6,381.78,2677.78,23.56,6.73,Low
2023-08-21,Bengaluru,22.39,64.21,0.44,454.24,62.2,376.8,2617.77,14.95,13.38,Low
2023-08-22,Chennai,26.96,67.15,5.9,450.86,87.8,351.88,2844.92,8.59,6.76,Low
2023-08-23,Hyderabad,25.91,67.66,1.44,437.82,77.5,349.63,2993.87,7.46,21.9,Low
2023-08-24,Bengaluru,25.79,70.89,3.78,458.32,91.3,387.17,3234.26,11.01,8.63,Low
2023-08-25,Chennai,26.17,69.67,3.72,446.95,50.7,438.16,2945.45,15.67,14.13,Low
2023-08-26,Chennai,20.21,74.45,4.58,454.05,80.3,365.97,2650.36,22.1,3.49,Low
2023-08-27,Delhi,23.0,71.76,2.83,442.88,86.7,475.06,2850.79,15.69,3.77,Low
2023-08-28,Chennai,23.99,75.82,3.3,449.47,79.6,404.25,3035.83,18.92,19.85,Low
2023-08-29,Chennai,30.26,71.5,7.73,460.36,67.3,481.76,3024.78,13.96,12.25,Moderate
2023-08-30,Chennai,22.68,77.35,10.28,464.1,95.7,377.53,2901.24,19.67,4.19,Low
2023-08-31,Mumbai,21.74,76.72,2.39,441.64,56.7,371.24,2783.61,16.77,10.48,Low
2023-09-01,Hyderabad,24.29,72.62,2.63,443.77,91.6,403.02,3005.56,15.62,8.97,Low
2023-09-02,Bengaluru,22.66,74.95,4.9,452.16,88.1,399.47,2642.91,11.3,11.87,Low
2023-09-03,Delhi,24.94,72.7,5.75,450.85,57.2,415.76,3035.27,16.05,5.16,Low
2023-09-04,Hyderabad,24.44,66.84,10.81,445.86,88.8,430.03,3028.06,22.45,24.3,Low
2023-09-05,Chennai,25.59,71.49,0.29,451.25,110.6,411.96,3134.96,18.2,10.17,Low
2023-09-06,Delhi,26.24,76.46,12.1,450.55,90.1,332.12,3071.03,12.42,8.24,Low
2023-09-07,Mumbai,22.83,84.37,2.68,457.25,89.2,341.06,2937.16,13.01,7.99,Low
2023-09-08,Bengaluru,24.06,74.65,2.5,455.41,91.2,419.62,2941.67,9.17,8.78,Low
2023-09-09,Hyderabad,20.03,60.96,1.73,453.57,100.3,352.94,2742.43,28.67,6.41,Low
2023-09-10,Bengaluru,21.97,75.07,6.17,452.91,76.8,320.87,2986.49,18.6,15.02,Low
2023-09-11,Chennai,22.89,73.6,2.53,455.37,81.5,353.62,2961.62,19.82,15.29,Low
2023-09-12,Hyderabad,27.37,68.47,5.47,449.14,80.8,465.82,3072.87,15.0,15.05,Low
2023-09-13,Delhi,25.97,64.29,4.96,465.37,76.6,343.92,2727.71,15.68,11.36,Low
2023-09-14,Mumbai,27.72,71.51,3.93,448.48,84.9,374.84,2957.23,19.11,11.34,Low
2023-09-15,Chennai,25.18,72.45,6.04,458.73,80.9,436.76,2835.44,17.51,14.06,Low
2023-09-16,Hyderabad,27.16,70.93,6.39,444.06,74.3,492.24,2835.73,16.05,8.06,Low
2023-09-17,Bengaluru,27.17,63.94,0.78,453.2,92.5,333.7,2821.11,27.26,2.74,Low
2023-09-18,Mumbai,23.51,65.21,5.61,463.92,98.0,348.25,2859.81,12.35,10.8,Low
2023-09-19,Bengaluru,24.85,68.43,1.02,464.34,91.9,374.9,3041.94,21.73,13.28,Low
2023-09-20,Mumbai,23.02,69.32,2.94,453.75,81.1,403.62,3017.53,14.78,14.09,Low
2023-09-21,Mumbai,23.03,69.66,11.06,461.94,91.5,310.72,3062.2,15.26,13.18,Low
2023-09-22,Bengaluru,21.92,70.03,0.53,447.19,98.7,415.72,3011.15,12.32,0.0,Low
2023-09-23,Delhi,23.05,69.35,12.15,457.46,93.8,379.38,2968.26,21.81,5.69,Low
2023-09-24,Mumbai,24.73,72.21,3.15,452.44,90.1,351.56,2849.03,25.92,16.18,Low
2023-09-25,Bengaluru,21.43,77.56,0.32,460.1,64.7,333.24,2911.29,20.45,15.23,Low
2023-09-26,Mumbai,23.52,58.73,6.99,457.67,93.6,362.39,2771.23,18.97,18.43,Low
2023-09-27,Chennai,26.0,77.22,0.91,447.5,100.6,477.2,3073.75,21.46,15.45,Low
2023-09-28,Bengaluru,22.88,79.8,5.3,448.04,61.4,323.64,3048.16,27.72,7.71,Low
2023-09-29,Hyderabad,24.8,79.13,17.8,449.06,90.1,436.31,2843.62,20.97,17.67,Low
2023-09-30,Chennai,23.92,75.23,0.63,447.41,63.1,354.3,3311.64,31.96,11.04,Low
2023-10-01,Delhi,22.31,69.9,4.42,464.97,95.6,417.55,2838.65,37.59,10.85,Low
2023-10-02,Chennai,22.82,67.4,1.2,452.36,100.3,345.22,2600.1,23.67,13.13,Low
2023-10-03,Hyderabad,19.8,77.06,3.6,449.69,57.8,377.34,3159.55,21.51,16.73,Low
2023-10-04,Chennai,24.18,70.96,2.89,453.62,84.9,397.97,2506.58,26.62,10.47,Low
2023-10-05,Hyderabad,22.68,66.18,4.08,449.87,71.7,288.99,3045.0,18.16,9.49,Low
2023-10-06,Mumbai,23.62,72.6,2.8,466.27,111.1,389.62,2658.18,20.1,11.72,Low
2023-10-07,Bengaluru,21.54,75.02,11.97,447.58,99.0,382.89,2809.85,20.78,4.82,Low
2023-10-08,Mumbai,22.82,69.49,3.12,441.35,50.9,363.84,2455.83,27.52,13.91,Low
2023-10-09,Chennai,23.61,78.97,3.07,449.01,83.9,334.89,2864.86,24.34,20.1,Low
2023-10-10,Hyderabad,24.08,68.38,1.42,443.92,97.4,380.33,3010.37,24.78,10.95,Low
2023-10-11,Mumbai,22.35,73.73,1.41,445.12,66.6,406.06,2779.61,16.88,8.06,Low
2023-10-12,Mumbai,24.56,69.68,11.1,450.12,79.9,386.52,3134.06,25.68,12.87,Low
2023-10-13,Chennai,22.61,66.06,0.38,443.85,50.5,415.52,3091.49,26.53,7.15,Low
2023-10-14,Delhi,26.26,77.68,1.2,447.67,69.5,430.75,3157.68,23.44,7.63,Low
2023-10-15,Mumbai,24.26,71.69,1.54,447.72,64.2,394.4,2997.37,18.08,3.64,Low
2023-10-16,Chennai,25.44,59.4,4.27,450.3,108.3,369.87,2831.41,22.02,11.9,Low
2023-10-17,Chennai,22.93,67.97,4.59,451.72,92.2,297.4,2819.42,26.1,5.25,Low
2023-10-18,Mumbai,24.78,73.61,4.41,452.54,80.3,341.19,3210.51,38.73,13.71,Low
2023-10-19,Mumbai,21.69,84.4,0.38,444.69,97.4,350.14,2948.49,28.38,11.08,Low
2023-10-20,Chennai,22.97,65.55,8.04,450.38,63.8,351.23,2826.83,23.08,12.67,Low
2023-10-21,Hyderabad,24.97,69.47,3.03,456.75,79.8,354.15,2842.91,20.9,11.16,Low
2023-10-22,Delhi,23.61,64.57,3.93,448.66,59.8,384.95,2723.38,29.99,2.68,Low
2023-10-23,Hyderabad,24.04,67.76,2.24,461.32,98.5,379.84,3139.53,11.71,14.44,Low
2023-10-24,Chennai,24.46,76.65,5.14,454.15,79.6,401.09,3015.32,20.03,11.67,Low
2023-10-25,Hyderabad,23.88,67.99,2.97,451.7,79.7,320.01,2748.09,24.91,5.85,Low
2023-10-26,Bengaluru,24.89,85.79,2.46,454.32,104.9,398.3,3124.03,17.8,16.74,Low
2023-10-27,Bengaluru,26.34,73.32,7.58,440.03,56.5,448.21,2920.41,14.75,13.02,Low
2023-10-28,Hyderabad,23.12,85.75,8.15,442.86,89.9,407.43,3099.7,28.61,18.25,Low
2023-10-29,Delhi,21.82,75.81,8.26,436.98,74.1,335.28,2926.05,22.62,12.55,Low
2023-10-30,Hyderabad,25.65,65.26,10.16,463.91,88.2,404.49,2864.95,25.76,2.54,Low
2023-10-31,Bengaluru,25.47,68.58,6.57,451.11,71.0,390.4,2749.37,24.07,13.02,Low
2023-11-01,Bengaluru,25.93,74.58,3.23,447.48,105.2,396.73,2791.74,22.05,3.98,Low
2023-11-02,Chennai,25.33,63.38,0.82,472.37,83.4,446.24,2697.06,27.2,17.61,Low
2023-11-03,Bengaluru,22.6,71.5,6.61,453.46,84.2,385.09,2943.08,19.9,15.95,Low
2023-11-04,Bengaluru,24.26,70.46,2.57,460.14,86.1,379.7,2914.59,25.15,3.82,Low
2023-11-05,Hyderabad,22.97,73.79,2.45,451.14,92.3,341.46,2968.76,21.73,9.83,Low
2023-11-06,Chennai,23.43,70.42,1.69,447.94,68.6,297.78,2738.4,19.96,7.17,Low
2023-11-07,Delhi,23.36,76.8,5.35,446.85,83.0,369.78,3187.07,27.18,10.85,Low
2023-11-08,Mumbai,21.64,65.79,3.7,450.09,115.5,312.88,2543.86,19.88,9.11,Low
2023-11-09,Hyderabad,24.57,74.71,0.62,464.34,92.1,417.46,2953.51,20.77,3.37,Low
2023-11-10,Bengaluru,25.79,74.83,10.56,453.5,64.4,366.31,2977.13,28.82,16.32,Low
2023-11-11,Bengaluru,28.81,78.41,1.14,459.13,98.9,420.67,3358.82,21.91,7.35,Moderate
2023-11-12,Bengaluru,22.12,59.28,3.44,453.06,87.9,334.48,2839.82,28.11,7.48,Low
2023-11-13,Delhi,25.56,68.39,0.88,450.55,71.1,450.09,2737.61,25.49,8.63,Low
2023-11-14,Hyderabad,25.91,68.24,5.53,450.66,115.5,382.47,2728.05,35.5,8.52,Low
2023-11-15,Chennai,23.69,66.45,1.06,461.03,110.7,406.78,2716.7,28.04,4.62,Low
2023-11-16,Chennai,22.32,73.33,8.37,441.14,100.0,436.74,2885.64,33.25,9.64,Low
2023-11-17,Hyderabad,25.45,58.82,10.35,458.94,75.0,417.31,2910.32,35.11,17.12,Low
2023-11-18,Delhi,23.54,74.33,3.21,465.48,59.4,425.47,3132.7,27.38,4.21,Low
2023-11-19,Bengaluru,26.1,75.69,0.64,460.64,98.5,388.53,3258.84,31.01,10.06,Low
2023-11-20,Mumbai,27.01,71.78,4.05,450.26,80.3,420.16,2812.17,33.51,9.36,Low
2023-11-21,Mumbai,23.68,73.37,4.02,452.2,82.5,385.32,3197.02,31.09,4.02,Low
2023-11-22,Hyderabad,25.99,62.46,2.24,449.25,63.0,423.08,2983.47,27.03,11.36,Low
2023-11-23,Hyderabad,23.62,72.8,3.84,461.32,85.5,364.61,3288.2,24.35,6.67,Low
2023-11-24,Bengaluru,26.21,76.48,11.54,448.68,92.3,457.94,3314.53,22.25,12.32,Low
2023-11-25,Delhi,22.22,69.76,3.2,455.6,106.6,393.15,3212.11,26.28,1.27,Low
2023-11-26,Mumbai,21.9,69.01,2.71,457.79,87.3,358.99,2898.67,19.84,9.06,Low
2023-11-27,Chennai,27.98,68.67,2.36,444.69,78.8,387.0,3006.33,24.92,14.69,Low
2023-11-28,Chennai,27.35,62.07,1.98,451.22,88.0,386.51,2918.41,27.27,12.96,Low
2023-11-29,Chennai,25.02,61.25,1.34,463.53,127.7,315.11,2721.16,36.29,4.32,Low
2023-11-30,Mumbai,27.54,61.57,2.61,466.01,101.5,468.24,3074.21,29.82,13.68,Moderate
2023-12-01,Bengaluru,25.66,65.2,2.57,456.92,78.2,455.78,2819.29,25.88,5.64,Low
2023-12-02,Hyderabad,26.14,80.58,8.36,457.99,50.0,434.29,3188.79,28.48,8.6,Low
2023-12-03,Bengaluru,25.73,82.89,5.38,451.34,109.7,491.35,3181.53,27.11,15.29,Low
2023-12-04,Mumbai,20.85,76.01,2.45,457.82,91.3,289.65,2672.38,24.39,6.95,Low
2023-12-05,Mumbai,26.72,77.74,1.16,466.35,112.3,366.61,2678.84,25.27,9.48,Low
2023-12-06,Hyderabad,25.29,70.52,2.97,462.83,102.2,383.3,3165.67,24.91,13.2,Low
2023-12-07,Bengaluru,25.77,63.03,6.92,493.9611556971068,142.79441914256483,664.0898231262704,2754.62,25.37,9.45,Low
2023-12-08,Mumbai,29.3,69.22,6.0,459.06,87.7,435.57,3179.43,30.18,19.66,Moderate
2023-12-09,Chennai,25.81,63.88,14.81,444.96,95.5,401.56,2873.44,31.95,8.26,Low
2023-12-10,Bengaluru,25.47,61.24,2.6,448.11,62.5,420.79,2912.81,37.47,8.07,Low
2023-12-11,Mumbai,26.84,68.52,4.06,454.51,77.1,456.22,3109.41,35.39,8.71,Low
2023-12-12,Chennai,29.05,62.93,3.96,454.05,102.4,425.43,2967.61,32.87,23.16,Moderate
2023-12-13,Hyderabad,27.58,62.28,3.3,459.6,78.4,463.1,2799.3,34.4,13.2,Moderate
2023-12-14,Delhi,26.75,67.22,13.6,449.32,86.9,405.18,2856.0,34.5,16.26,Low
2023-12-15,Hyderabad,25.98,68.66,2.36,464.09,99.1,418.95,3013.55,30.32,13.28,Low
2023-12-16,Mumbai,25.48,71.18,1.52,464.12,88.7,379.23,2846.63,28.75,12.51,Low
2023-12-17,Delhi,23.62,73.43,8.77,460.11,88.5,379.14,2560.41,24.78,12.61,Low
2023-12-18,Bengaluru,25.91,72.52,6.33,455.45,73.3,391.48,2828.92,28.08,15.85,Low
2023-12-19,Bengaluru,25.93,60.64,8.02,456.87,94.9,412.07,2946.07,23.3,8.28,Low
2023-12-20,Mumbai,28.89,67.1,13.34,473.94,102.9,449.02,3337.73,28.76,15.18,Moderate
2023-12-21,Hyderabad,28.81,69.05,5.47,458.05,72.9,439.68,3054.6,38.32,10.41,Moderate
2023-12-22,Mumbai,26.25,70.14,5.97,460.86,86.0,381.3,3081.3,28.7,20.61,Low
2023-12-23,Bengaluru,30.16,63.8,0.17,462.29,94.2,388.8,2939.1,34.43,16.86,Moderate
2023-12-24,Chennai,26.58,82.38,9.47,461.59,65.8,422.39,2874.6,32.91,9.0,Low
2023-12-25,Hyderabad,25.61,72.61,0.75,460.06,116.3,360.52,2735.78,35.03,10.73,Low
2023-12-26,Delhi,30.61,64.04,6.17,470.32,132.0,449.54,3413.35,35.18,18.6,Moderate
2023-12-27,Mumbai,25.51,78.01,5.06,455.16,90.1,379.71,2825.68,30.8,8.02,Low
2023-12-28,Mumbai,26.07,82.61,10.23,452.93,112.2,372.77,3308.28,23.84,0.0,Low
2023-12-29,Mumbai,27.6,67.4,2.74,462.27,97.5,487.09,3139.07,23.45,12.9,Moderate
2023-12-30,Delhi,28.64,75.11,9.66,461.15,90.0,429.31,2866.17,33.73,12.88,Moderate
2023-12-31,Chennai,25.76,62.86,3.12,457.95,93.4,372.73,2982.17,31.42,16.67,Low
2024-01-01,Bengaluru,28.56,68.67,4.02,468.02,82.2,450.08,2982.41,30.47,11.96,Moderate
2024-01-02,Delhi,27.98,68.66,5.48,457.12,76.1,417.91,2599.84,32.38,15.26,Low
2024-01-03,Delhi,24.96,80.78,6.7,459.5,89.2,462.09,2922.89,32.51,5.91,Low
2024-01-04,Hyderabad,27.87,71.73,1.62,472.49,100.1,477.37,3019.47,35.26,10.63,Moderate
2024-01-05,Mumbai,23.51,75.42,5.0,465.28,93.7,354.18,2695.32,32.04,15.89,Low
2024-01-06,Bengaluru,28.12,65.68,2.64,457.88,92.0,383.58,2978.97,25.76,10.74,Moderate
2024-01-07,Hyderabad,29.88,77.93,4.96,469.83,76.6,450.58,3015.99,33.47,10.22,Moderate
2024-01-08,Delhi,29.01,70.27,8.43,469.56,82.6,395.86,3317.26,36.56,20.69,Moderate
2024-01-09,Mumbai,29.77,61.82,1.23,458.42,104.4,446.7,2957.91,38.8,20.59,Moderate
2024-01-10,Mumbai,30.52,72.99,8.2,453.45,77.2,446.9,2970.81,30.48,9.15,Moderate
2024-01-11,Mumbai,29.87,63.76,0.42,466.07,88.9,449.36,3464.76,39.82,4.57,Moderate
2024-01-12,Delhi,30.26,71.37,1.77,473.72,98.8,465.58,3104.89,34.49,10.96,Moderate
2024-01-13,Delhi,28.01,77.15,9.37,452.97,82.1,440.47,3227.37,33.66,23.73,Moderate
2024-01-14,Hyderabad,27.69,68.77,4.37,461.28,105.2,473.15,3008.81,35.44,7.33,Moderate
2024-01-15,Hyderabad,28.1,78.19,4.4,457.06,88.1,395.5,3115.58,26.0,10.23,Moderate
2024-01-16,Hyderabad,27.68,73.72,4.93,461.94,78.5,387.25,2741.17,35.05,3.81,Low
2024-01-17,Mumbai,27.3,66.32,6.4,461.43,92.2,359.61,2975.67,31.68,5.69,Low
2024-01-18,Delhi,29.63,64.48,7.02,466.64,104.4,421.9,3044.65,37.01,18.6,Moderate
2024-01-19,Delhi,28.61,69.63,1.43,469.37,104.2,408.65,3042.22,35.09,5.03,Moderate
2024-01-20,Hyderabad,30.22,64.5,6.99,454.4,81.0,458.34,2832.69,28.41,12.82,Moderate
2024-01-21,Delhi,31.5,68.74,7.72,456.32,91.5,463.32,3060.15,35.29,11.93,Moderate
2024-01-22,Mumbai,29.34,62.5,12.48,454.47,77.6,463.56,2902.07,30.56,6.94,Moderate
2024-01-23,Chennai,31.08,69.91,8.73,465.23,89.6,444.45,3316.44,29.61,22.92,Moderate
2024-01-24,Hyderabad,29.43,68.82,5.63,458.37,102.1,423.78,2745.02,40.4,13.21,Moderate
2024-01-25,Hyderabad,29.17,68.35,6.43,472.47,101.6,374.77,3158.25,35.42,3.71,Moderate
2024-01-26,Hyderabad,31.5,66.34,22.61,467.84,104.2,497.81,3093.18,37.2,18.57,Moderate
2024-01-27,Chennai,31.76,66.93,0.78,466.88,94.0,436.34,3085.38,27.83,16.2,Moderate
2024-01-28,Delhi,30.03,66.85,0.16,478.38,75.6,462.02,2994.73,37.66,2.44,Moderate
2024-01-29,Delhi,31.32,65.24,1.37,471.36,103.8,467.23,2907.23,36.36,12.78,Moderate
2024-01-30,Chennai,29.63,71.52,6.62,461.97,80.8,404.27,3295.87,34.51,7.9,Moderate
2024-01-31,Hyderabad,30.92,75.43,4.78,471.41,99.7,498.69,2921.29,30.28,7.23,Moderate
2024-02-01,Bengaluru,30.21,66.53,7.93,469.03,117.7,432.56,3344.5,37.74,12.17,Moderate
2024-02-02,Delhi,31.25,72.76,8.4,465.9,122.4,464.18,3084.56,22.83,14.61,Moderate
2024-02-03,Chennai,29.55,71.7,5.37,467.41,96.2,425.15,3168.75,30.84,19.31,Moderate
2024-02-04,Delhi,30.38,70.92,7.93,461.97,100.8,490.31,2956.43,33.36,0.0,Moderate
2024-02-05,Bengaluru,29.74,68.37,2.1,481.6,104.7,456.06,2964.41,28.25,13.09,Moderate
2024-02-06,Chennai,31.21,65.92,1.79,474.97,95.8,507.04,2842.24,34.49,14.14,Moderate
2024-02-07,Delhi,27.75,67.59,5.46,452.87,87.5,354.25,3023.65,30.53,6.04,Low
2024-02-08,Mumbai,29.55,68.17,5.96,479.16,104.1,424.09,3073.77,40.18,21.19,Moderate
2024-02-09,Chennai,28.33,82.36,23.44,471.83,108.6,360.21,3383.09,31.75,12.34,Moderate
2024-02-10,Mumbai,29.45,67.87,0.45,485.75,94.2,433.25,2966.46,39.62,14.76,Moderate
2024-02-11,Bengaluru,34.18,72.79,7.18,465.34,85.0,536.5,3531.09,31.11,27.61,Moderate
2024-02-12,Hyderabad,28.1,63.1,11.15,472.61,78.2,371.89,3060.59,26.33,10.45,Moderate
2024-02-13,Chennai,32.34,63.59,3.09,469.74,87.3,486.06,3182.66,35.29,22.72,Moderate
2024-02-14,Delhi,33.64,70.33,1.73,536.4690566901736,185.6327933698978,851.5178597606524,2996.64,30.33,26.12,Moderate
2024-02-15,Hyderabad,27.92,66.29,5.71,468.85,98.3,444.38,3362.67,37.01,9.37,Moderate
2024-02-16,Bengaluru,34.13,69.6,4.84,472.48,93.3,457.02,3170.94,22.11,31.24,Moderate
2024-02-17,Bengaluru,29.48,72.17,9.71,468.81,109.5,478.6,3115.29,30.53,15.61,Moderate
2024-02-18,Hyderabad,31.85,57.99,11.43,464.7,78.3,467.94,2830.64,28.49,18.49,Moderate
2024-02-19,Hyderabad,29.63,78.75,10.85,526.4052757098448,139.6326538105556,913.3346002708206,3246.36,32.67,16.16,Moderate
2024-02-20,Hyderabad,33.08,71.84,7.73,478.38,102.6,528.62,3041.82,21.62,25.53,Moderate
2024-02-21,Delhi,29.64,70.26,4.35,471.74,123.9,401.6,2987.04,30.43,13.77,Moderate
2024-02-22,Chennai,31.73,62.12,10.87,475.75,85.4,519.05,2970.33,37.02,19.76,Moderate
2024-02-23,Mumbai,30.97,70.6,9.88,472.76,88.3,415.74,2844.55,29.41,8.56,Moderate
2024-02-24,Delhi,31.38,73.75,5.08,507.64892666446656,184.7795590516646,861.1415743429982,3328.81,31.62,15.5,Moderate
2024-02-25,Chennai,26.79,76.06,2.91,464.45,54.6,444.3,3227.1,41.28,8.16,Low
2024-02-26,Bengaluru,30.57,77.34,0.11,469.11,96.1,444.42,2907.7,26.73,2.99,Moderate
2024-02-27,Chennai,30.41,63.1,0.63,471.68,76.1,408.37,3133.68,32.39,15.07,Moderate
2024-02-28,Bengaluru,32.29,66.4,14.47,471.36,86.9,392.86,3036.39,33.6,18.33,Moderate
2024-02-29,Hyderabad,29.23,76.72,2.76,467.87,85.0,445.14,3191.27,39.85,8.92,Moderate
2024-03-01,Chennai,32.69,62.17,4.53,458.24,77.1,488.65,3718.79,41.47,21.65,Moderate
2024-03-02,Delhi,26.06,63.81,10.97,465.67,82.1,456.3,3102.42,31.41,0.5,Low
2024-03-03,Hyderabad,27.29,75.58,0.19,475.22,91.8,448.87,3123.38,24.15,0.4,Moderate
2024-03-04,Delhi,30.77,56.95,12.05,465.71,83.8,472.46,3383.27,40.44,8.13,Moderate
2024-03-05,Delhi,29.9,61.79,2.34,460.58,46.0,455.48,2725.71,38.7,6.26,Moderate
2024-03-06,Chennai,32.54,70.75,8.37,465.94,87.1,417.41,3179.74,30.93,29.18,Moderate
2024-03-07,Chennai,31.43,58.28,5.53,467.15,94.9,467.08,3347.59,34.69,8.43,Moderate
2024-03-08,Delhi,33.7,72.62,3.58,469.98,87.2,509.9,3387.08,25.9,38.96,Moderate
2024-03-09,Delhi,29.47,58.75,13.9,465.36,97.1,424.58,2921.02,31.3,6.84,Moderate
2024-03-10,Hyderabad,32.25,58.54,13.2,461.68,92.9,491.17,3272.33,35.28,25.62,Moderate
2024-03-11,Delhi,33.21,64.4,1.99,466.95,90.3,451.47,2904.55,28.65,32.74,Moderate
2024-03-12,Delhi,33.05,63.5,0.52,471.13,95.6,462.36,3419.34,35.14,25.93,Moderate
2024-03-13,Hyderabad,33.51,75.35,0.01,473.87,82.6,461.04,3051.66,31.64,37.65,Moderate
2024-03-14,Chennai,34.89,64.0,16.55,463.97,114.2,504.34,3120.32,27.88,49.86,High
2024-03-15,Chennai,33.57,59.43,2.37,465.75,105.0,522.84,3136.05,22.08,40.04,Moderate
2024-03-16,Bengaluru,28.37,64.55,9.12,463.07,84.0,425.16,2966.45,35.21,18.67,Moderate
2024-03-17,Hyderabad,31.66,65.86,16.17,471.19,79.3,465.01,3214.7,25.17,15.95,Moderate
2024-03-18,Mumbai,31.67,65.79,1.18,470.73,117.2,469.26,2975.83,40.93,14.95,Moderate
2024-03-19,Chennai,32.61,65.54,2.58,461.41,105.9,466.57,3084.32,33.59,20.28,Moderate
2024-03-20,Chennai,28.79,80.06,9.1,468.9,73.7,489.04,3156.13,30.58,10.92,Moderate
2024-03-21,Delhi,29.87,73.84,11.18,459.84,113.1,466.61,2833.08,23.2,11.18,Moderate
2024-03-22,Hyderabad,31.86,74.57,0.84,457.42,86.9,470.93,2974.63,37.46,22.25,Moderate
2024-03-23,Delhi,32.99,59.41,0.99,462.45,96.3,485.43,3123.59,34.03,23.29,Moderate
2024-03-24,Mumbai,30.72,72.74,5.7,463.98,109.1,505.44,3264.99,29.07,4.09,Moderate
2024-03-25,Mumbai,34.28,71.39,11.98,486.32,83.3,531.98,3400.32,29.84,37.96,High
2024-03-26,Hyderabad,35.3,59.68,13.32,483.34,79.3,532.19,3121.57,35.26,45.91,High
2024-03-27,Hyderabad,30.27,80.79,4.31,471.27,87.8,460.5,3471.82,36.91,12.94,Moderate
2024-03-28,Delhi,33.22,69.52,7.75,484.85,83.0,499.3,3270.77,37.54,29.91,Moderate
2024-03-29,Hyderabad,30.92,68.4,7.73,492.2,89.4,512.15,3305.36,34.84,9.92,Moderate
2024-03-30,Bengaluru,30.5,79.6,5.12,482.51,72.5,505.43,3180.03,35.32,3.93,Moderate
2024-03-31,Delhi,36.05,68.96,2.49,472.27,87.1,514.79,3143.32,34.56,57.42,High
2024-04-01,Delhi,34.67,62.08,12.45,461.9,102.7,524.15,3138.91,27.32,37.88,High
2024-04-02,Hyderabad,31.43,76.66,7.62,465.43,93.6,462.84,2910.0,29.07,15.99,Moderate
2024-04-03,Chennai,31.18,76.4,6.32,465.21,77.4,403.41,3152.07,27.24,19.9,Moderate
2024-04-04,Hyderabad,32.8,75.36,10.5,464.64,78.4,500.33,3145.13,32.9,24.55,Moderate
2024-04-05,Chennai,31.9,73.06,9.76,481.93,93.9,417.31,3230.35,23.73,22.34,Moderate
2024-04-06,Mumbai,33.34,66.85,1.47,473.72,94.7,553.21,3335.76,26.69,36.48,Moderate
2024-04-07,Hyderabad,33.74,61.89,27.76,467.72,85.3,527.2,3437.65,30.02,36.1,Moderate
2024-04-08,Mumbai,31.79,64.71,17.79,477.73,103.3,477.65,3356.79,34.45,17.29,Moderate
2024-04-09,Bengaluru,30.83,66.18,6.43,470.29,128.2,478.04,3161.29,26.09,12.89,Moderate
2024-04-10,Bengaluru,31.98,64.09,18.96,483.05,85.8,478.67,2864.99,21.23,17.76,Moderate
2024-04-11,Bengaluru,35.29,60.55,8.46,480.34,87.5,451.89,2997.75,28.35,45.94,High
2024-04-12,Delhi,32.12,62.55,3.01,485.44,115.3,479.97,2979.18,27.79,25.31,Moderate
2024-04-13,Hyderabad,33.01,63.99,15.25,464.82,108.9,511.81,3159.65,22.39,34.83,Moderate
2024-04-14,Mumbai,27.61,67.3,8.95,465.69,62.3,319.25,3146.8,27.56,8.3,Low
2024-04-15,Chennai,29.0,69.39,1.91,467.91,86.1,392.62,2898.83,27.28,2.5,Moderate
2024-04-16,Delhi,34.36,59.32,2.16,471.25,91.0,478.02,3367.29,24.06,37.94,Moderate
2024-04-17,Delhi,27.85,71.73,4.03,474.9,89.7,423.08,3367.98,30.03,5.15,Moderate
2024-04-18,Mumbai,30.37,67.27,21.12,461.55,83.5,442.8,2926.0,29.4,13.38,Moderate
2024-04-19,Mumbai,32.62,65.44,6.17,480.63,118.1,462.02,2869.0,31.59,25.21,Moderate
2024-04-20,Hyderabad,33.17,59.14,5.98,469.46,68.6,518.16,2907.45,29.36,26.28,Moderate
2024-04-21,Bengaluru,31.51,77.46,3.83,457.15,78.0,464.11,3077.25,35.45,9.71,Moderate
2024-04-22,Hyderabad,32.69,77.14,11.23,475.26,97.2,405.65,2933.78,35.27,25.75,Moderate
2024-04-23,Delhi,29.73,69.09,10.86,481.94,106.8,457.95,2793.34,19.49,3.06,Moderate
2024-04-24,Mumbai,31.19,65.94,7.07,473.01,101.3,507.22,3066.74,19.08,2.76,Moderate
2024-04-25,Hyderabad,32.48,75.24,5.18,473.63,86.3,487.76,2931.9,17.61,28.48,Moderate
2024-04-26,Chennai,30.78,64.47,16.98,478.04,111.8,432.77,3031.09,14.73,5.42,Moderate
2024-04-27,Bengaluru,30.65,67.32,13.28,477.87,104.6,534.96,2880.61,19.08,8.03,Moderate
2024-04-28,Bengaluru,32.1,71.04,2.61,477.31,88.8,520.73,3269.38,25.1,23.15,Moderate
2024-04-29,Hyderabad,31.75,61.8,11.73,464.57,107.9,454.85,3174.08,30.23,17.52,Moderate
2024-04-30,Delhi,29.44,63.07,3.59,466.25,69.1,391.41,2897.07,23.15,9.38,Moderate
2024-05-01,Chennai,32.46,62.55,4.68,518.517305289642,151.85268733831668,714.1518510718589,3071.95,24.18,17.24,Moderate
2024-05-02,Bengaluru,34.82,58.18,8.28,461.07,92.0,466.11,3257.6,30.89,43.95,Moderate
2024-05-03,Chennai,31.81,60.58,5.41,474.87,118.8,461.4,2919.05,26.09,17.13,Moderate
2024-05-04,Hyderabad,32.13,63.27,9.54,482.38,79.6,438.46,3128.48,22.02,11.89,Moderate
2024-05-05,Delhi,28.85,70.51,3.77,472.64,88.0,417.72,3178.74,30.75,8.82,Moderate
2024-05-06,Delhi,32.38,76.14,12.59,477.0,98.9,414.2,3456.58,17.97,25.36,Moderate
2024-05-07,Mumbai,30.09,66.46,5.69,479.26,99.4,451.3,3174.61,26.02,3.36,Moderate
2024-05-08,Hyderabad,30.15,72.38,0.39,460.01,78.9,454.64,3074.94,19.9,9.27,Moderate
2024-05-09,Bengaluru,32.04,78.19,7.95,467.47,100.5,448.42,3325.77,25.94,21.18,Moderate
2024-05-10,Mumbai,32.25,70.46,32.99,475.54,109.7,546.54,3440.14,27.26,14.93,Moderate
2024-05-11,Mumbai,30.39,63.28,6.03,469.18,98.7,467.96,3037.13,26.17,11.69,Moderate
2024-05-12,Mumbai,28.15,69.65,8.87,473.51,93.1,428.14,2875.46,28.27,6.27,Moderate
2024-05-13,Chennai,31.59,68.95,0.52,468.14,92.6,480.92,3182.66,20.92,20.11,Moderate
2024-05-14,Chennai,30.09,59.3,6.41,472.34,117.6,379.76,3237.18,21.84,10.39,Moderate
2024-05-15,Hyderabad,31.71,73.44,6.94,467.91,83.2,483.27,3052.1,22.2,10.76,Moderate
2024-05-16,Hyderabad,33.38,68.93,6.46,468.57,87.8,486.49,3449.44,28.43,32.63,Moderate
2024-05-17,Bengaluru,32.64,59.95,2.27,476.37,87.4,449.16,3406.52,22.94,16.82,Moderate
2024-05-18,Chennai,33.5,62.6,4.62,462.84,80.9,456.3,3141.0,24.14,29.02,Moderate
2024-05-19,Bengaluru,28.73,72.96,1.24,469.72,84.6,452.94,3150.44,20.41,1.51,Moderate
2024-05-20,Mumbai,26.64,76.74,19.04,458.3,89.3,435.77,2884.24,21.06,8.94,Low
2024-05-21,Chennai,30.57,71.81,12.47,474.84,91.5,434.32,3025.76,23.23,2.86,Moderate
2024-05-22,Delhi,27.47,72.06,8.89,456.86,116.1,419.2,3091.38,29.62,4.25,Moderate
2024-05-23,Chennai,26.15,86.67,3.95,467.24,75.8,460.15,2897.85,14.15,3.32,Low
2024-05-24,Mumbai,30.39,60.3,5.96,466.61,76.4,403.12,2653.07,22.07,15.59,Moderate
2024-05-25,Hyderabad,30.54,70.58,4.23,476.9,95.2,477.83,3127.37,18.79,6.79,Moderate
2024-05-26,Bengaluru,30.38,61.84,12.77,461.76,90.5,472.66,3101.17,14.93,10.54,Moderate
2024-05-27,Hyderabad,33.16,79.66,3.18,476.05,98.9,483.9,3529.34,21.48,39.95,Moderate
2024-05-28,Mumbai,29.78,67.63,10.02,475.69,85.4,401.64,3128.64,22.22,5.13,Moderate
2024-05-29,Mumbai,30.62,74.61,3.88,479.25,62.7,398.47,3389.48,21.2,15.94,Moderate
2024-05-30,Hyderabad,32.12,64.23,9.26,471.42,120.7,445.93,3316.6,17.13,15.3,Moderate
2024-05-31,Mumbai,30.89,69.62,3.33,465.32,80.5,511.78,3034.83,17.56,7.28,Moderate
2024-06-01,Mumbai,26.78,78.6,2.32,463.21,142.6,414.28,3175.25,20.23,13.74,Moderate
2024-06-02,Chennai,31.28,65.44,6.86,465.97,90.8,486.07,3172.06,17.33,13.9,Moderate
2024-06-03,Hyderabad,29.49,67.3,2.23,472.74,90.4,446.97,3166.32,16.29,7.49,Moderate
2024-06-04,Chennai,30.41,62.08,17.31,453.59,91.1,489.42,3051.97,24.87,17.45,Moderate
2024-06-05,Delhi,31.34,61.76,9.82,474.21,115.4,458.58,3132.3,24.47,15.18,Moderate
2024-06-06,Bengaluru,27.85,63.72,7.96,464.54,85.5,412.82,2939.52,21.72,11.66,Moderate
2024-06-07,Delhi,31.07,56.75,15.52,478.29,72.5,466.66,2731.46,25.21,21.06,Moderate
2024-06-08,Mumbai,31.03,69.88,2.23,465.2,78.1,450.94,2900.42,24.05,13.55,Moderate
2024-06-09,Hyderabad,27.79,77.12,15.97,458.36,79.3,448.77,3005.89,15.03,4.54,Low
2024-06-10,Delhi,26.78,70.77,0.19,451.58,88.2,348.66,3084.36,19.67,3.54,Low
2024-06-11,Mumbai,30.07,48.5,0.82,463.33,94.0,475.49,2623.06,10.38,14.85,Moderate
2024-06-12,Bengaluru,27.95,70.4,10.13,466.12,88.0,377.72,2828.57,9.39,17.85,Moderate
2024-06-13,Chennai,30.24,68.88,4.15,467.03,84.8,437.99,2751.67,12.05,8.05,Moderate
2024-06-14,Chennai,33.3,76.0,9.52,466.9,64.1,437.68,3086.97,12.9,32.24,Moderate
2024-06-15,Mumbai,28.49,74.49,5.98,471.43,103.3,319.35,2928.63,20.17,8.15,Moderate
2024-06-16,Mumbai,29.41,72.16,3.48,461.04,84.2,444.81,3449.52,18.13,9.01,Moderate
2024-06-17,Bengaluru,29.31,59.5,3.56,475.52,71.8,375.62,2855.33,20.16,12.27,Moderate
2024-06-18,Mumbai,32.38,54.16,2.26,476.17,90.3,498.88,2905.15,18.06,20.54,Moderate
2024-06-19,Delhi,29.47,65.6,11.01,467.07,86.5,423.56,2978.56,23.5,14.1,Moderate
2024-06-20,Mumbai,28.1,75.39,8.45,462.63,98.6,442.83,2910.78,15.52,10.87,Moderate
2024-06-21,Mumbai,28.33,71.1,4.3,464.46,72.6,379.61,2963.91,11.3,6.27,Low
2024-06-22,Hyderabad,28.05,69.32,7.69,468.35,102.1,476.94,2898.19,12.77,18.89,Moderate
2024-06-23,Hyderabad,29.34,75.41,10.13,472.95,120.7,487.1,2987.02,8.65,5.9,Moderate
2024-06-24,Bengaluru,27.27,74.99,0.44,456.39,88.1,397.63,3144.91,27.4,11.76,Low
2024-06-25,Bengaluru,25.57,68.72,3.04,467.83,93.7,417.5,3177.67,24.56,6.13,Low
2024-06-26,Delhi,29.07,75.3,5.69,468.86,103.3,462.07,3170.36,13.67,2.06,Moderate
2024-06-27,Bengaluru,27.72,76.82,4.22,467.47,75.8,396.2,2952.47,18.02,10.87,Low
2024-06-28,Chennai,31.16,65.82,13.04,466.43,83.1,524.11,2960.44,22.08,8.59,Moderate
2024-06-29,Bengaluru,27.03,64.65,7.94,471.64,69.3,379.81,2636.45,24.84,5.19,Low
2024-06-30,Hyderabad,23.54,72.07,3.46,472.87,93.0,363.91,3055.69,23.8,16.58,Low
2024-07-01,Hyderabad,28.74,68.26,0.69,458.99,112.8,393.17,3297.39,19.07,6.8,Moderate
2024-07-02,Bengaluru,27.4,75.23,2.57,460.93,100.1,360.77,3000.31,15.23,9.24,Low
2024-07-03,Bengaluru,27.94,73.61,1.48,470.04,89.5,455.22,3008.99,6.33,6.78,Moderate
2024-07-04,Chennai,28.65,60.84,6.17,466.43,65.8,391.29,2810.73,11.02,8.88,Moderate
2024-07-05,Mumbai,24.65,70.2,1.33,468.72,71.5,389.48,2934.83,11.38,10.16,Low
2024-07-06,Mumbai,29.27,67.92,9.51,447.91,84.5,478.55,3200.46,19.18,22.99,Moderate
2024-07-07,Hyderabad,27.08,71.29,6.54,464.48,88.1,387.17,2861.63,16.84,12.19,Low
2024-07-08,Hyderabad,25.73,70.68,1.26,462.99,104.1,383.14,2982.2,16.16,10.48,Low
2024-07-09,Bengaluru,26.99,64.71,0.9,463.27,117.4,351.74,2942.22,14.62,7.04,Low
2024-07-10,Delhi,27.07,70.67,2.56,463.31,90.4,384.94,2817.69,12.52,20.37,Low
2024-07-11,Chennai,26.12,71.75,5.92,473.33,72.9,459.05,2906.51,18.4,4.01,Low
2024-07-12,Hyderabad,29.39,57.83,5.03,467.35,75.0,386.99,3054.36,16.65,14.72,Moderate
2024-07-13,Chennai,27.38,62.54,5.21,476.82,99.0,382.43,2939.13,22.33,1.67,Moderate
2024-07-14,Bengaluru,27.1,68.05,0.9,461.77,93.0,433.69,3173.37,18.55,7.27,Low
2024-07-15,Hyderabad,26.26,73.3,4.77,473.06,101.3,441.55,2732.91,10.9,4.13,Low
2024-07-16,Bengaluru,31.07,76.09,1.97,462.12,135.0,545.16,3421.48,28.96,12.81,Moderate
2024-07-17,Bengaluru,25.49,75.89,3.81,469.97,106.5,377.08,3044.67,21.29,4.18,Low
2024-07-18,Chennai,26.06,74.77,5.77,472.92,75.9,416.6,2941.3,7.81,2.15,Low
2024-07-19,Delhi,29.8,74.36,11.29,471.26,73.3,416.02,3199.88,10.14,9.45,Moderate
2024-07-20,Delhi,28.22,69.2,12.28,465.2,85.5,385.15,3026.77,7.57,11.3,Moderate
2024-07-21,Chennai,25.75,72.8,7.85,465.76,77.7,453.49,3469.82,28.02,12.39,Low
2024-07-22,Chennai,26.62,75.06,7.02,461.43,89.0,444.54,2928.74,15.63,4.74,Low
2024-07-23,Hyderabad,28.58,67.02,1.82,454.74,110.5,462.93,2829.6,17.91,13.21,Moderate
2024-07-24,Hyderabad,25.45,68.1,5.8,459.95,83.7,360.74,3196.09,16.97,3.43,Low
2024-07-25,Delhi,26.31,79.32,8.55,456.1,73.1,381.19,3214.23,23.69,5.72,Low
2024-07-26,Bengaluru,23.96,72.19,2.57,457.47,73.0,375.6,2740.32,22.04,9.29,Low
2024-07-27,Chennai,24.64,66.91,7.74,467.2,97.6,386.2,2618.01,15.23,6.8,Low
2024-07-28,Mumbai,27.27,84.7,3.39,444.4,89.0,384.44,3250.13,11.61,12.46,Low
2024-07-29,Delhi,24.12,62.29,17.84,462.16,98.7,398.41,2778.96,21.72,10.62,Low
2024-07-30,Hyderabad,26.63,65.45,2.19,462.77,74.5,408.52,2656.09,13.1,4.84,Low
2024-07-31,Mumbai,27.81,79.08,0.24,472.45,78.1,456.11,2669.25,11.9,7.92,Moderate
2024-08-01,Delhi,28.29,76.61,2.24,455.39,92.4,453.1,3092.36,11.03,1.23,Moderate
2024-08-02,Hyderabad,25.6,64.88,2.07,466.82,97.9,370.4,2791.79,7.27,7.07,Low
2024-08-03,Hyderabad,28.16,73.31,3.79,469.63,103.4,441.36,2955.55,20.23,3.39,Moderate
2024-08-04,Delhi,23.14,66.54,2.21,466.04,73.2,426.81,2825.31,22.49,10.98,Low
2024-08-05,Chennai,25.79,78.38,2.62,461.56,98.9,461.22,2710.65,13.24,3.3,Low
2024-08-06,Hyderabad,29.05,75.87,1.99,475.38,114.5,459.04,2971.61,12.08,12.33,Moderate
2024-08-07,Mumbai,28.67,74.63,6.84,446.46,71.7,383.24,2931.28,23.4,11.51,Low
2024-08-08,Hyderabad,23.57,71.22,0.44,471.29,72.8,368.21,3045.55,13.97,12.04,Low
2024-08-09,Chennai,25.39,81.44,4.2,466.23,106.1,436.49,2979.95,17.41,11.57,Low
2024-08-10,Chennai,26.46,75.86,0.62,459.63,85.2,342.01,2787.05,25.84,1.97,Low
2024-08-11,Chennai,24.56,64.6,3.08,464.0,117.7,350.45,3016.92,18.1,6.61,Low
2024-08-12,Mumbai,24.86,73.6,2.66,457.36,69.4,399.41,2804.97,19.5,7.0,Low
2024-08-13,Hyderabad,23.33,77.88,2.6,459.08,69.5,418.0,2922.18,15.39,17.2,Low
2024-08-14,Chennai,25.7,65.85,1.82,466.99,82.2,367.98,2731.7,18.3,8.51,Low
2024-08-15,Hyderabad,29.96,68.07,0.52,456.5,114.6,453.0,3048.11,19.44,9.77,Moderate
2024-08-16,Mumbai,24.28,61.55,2.58,462.06,88.5,413.97,2761.85,15.02,14.41,Low
2024-08-17,Bengaluru,24.43,70.73,3.01,465.91,73.5,387.11,3094.95,16.37,6.33,Low
2024-08-18,Chennai,26.71,61.14,8.01,467.38,101.0,421.02,3160.45,7.48,3.0,Low
2024-08-19,Mumbai,26.84,63.41,0.15,467.72,72.8,429.34,3241.83,17.98,13.34,Low
2024-08-20,Hyderabad,23.95,72.41,5.32,464.59,93.8,377.86,3054.86,13.31,12.43,Low
2024-08-21,Bengaluru,25.03,70.1,4.99,452.79,67.9,394.76,3229.31,23.49,3.43,Low
2024-08-22,Delhi,20.9,77.58,1.3,467.84,84.0,332.41,2718.24,15.61,11.18,Low
2024-08-23,Chennai,23.38,72.94,8.26,469.04,62.7,349.78,2648.57,13.75,7.07,Low
2024-08-24,Bengaluru,26.65,71.77,0.9,468.9,106.2,459.69,2762.35,14.67,14.05,Moderate
2024-08-25,Delhi,26.76,70.77,0.27,471.1,107.9,368.03,3188.0,16.05,5.79,Low
2024-08-26,Bengaluru,23.45,69.43,6.09,455.16,103.7,353.91,3447.58,19.64,2.49,Low
2024-08-27,Delhi,25.23,71.5,3.66,461.3,102.5,403.62,3209.11,9.37,5.06,Low
2024-08-28,Chennai,26.43,79.59,6.73,477.05,88.7,390.38,3012.53,19.13,14.81,Low
2024-08-29,Bengaluru,24.29,71.9,13.73,456.71,73.5,370.5,2918.18,22.61,15.18,Low
2024-08-30,Mumbai,23.62,63.55,13.22,466.25,62.4,391.32,2899.45,24.41,12.58,Low
2024-08-31,Bengaluru,26.64,57.06,9.52,472.0,104.5,372.69,3106.6,13.51,2.66,Low
2024-09-01,Bengaluru,24.14,88.25,18.6,458.13,122.3,392.95,2860.36,16.45,12.49,Low
2024-09-02,Mumbai,25.78,81.91,4.36,468.43,69.8,437.96,3170.45,7.88,7.18,Low
2024-09-03,Delhi,25.67,66.01,1.34,470.7,80.2,412.35,2990.16,10.97,4.26,Low
2024-09-04,Bengaluru,23.13,64.77,2.04,465.15,74.6,444.17,2736.84,22.79,6.73,Low
2024-09-05,Hyderabad,26.92,66.39,1.82,463.03,115.4,377.54,3038.6,21.61,10.46,Moderate
2024-09-06,Bengaluru,26.97,79.27,0.77,466.57,84.7,383.23,3027.14,20.94,12.61,Low
2024-09-07,Mumbai,22.9,67.9,2.23,452.45,94.5,369.44,2845.72,13.15,5.63,Low
2024-09-08,Bengaluru,26.97,60.93,1.55,455.81,73.6,400.33,2908.05,13.42,2.63,Low
2024-09-09,Chennai,20.54,66.56,5.08,462.34,110.4,405.79,2868.7,14.77,10.92,Low
2024-09-10,Bengaluru,22.78,79.05,4.12,468.84,75.6,400.89,2894.04,12.73,7.97,Low
2024-09-11,Bengaluru,24.16,71.26,7.58,463.98,92.5,341.54,3075.25,24.43,11.38,Low
2024-09-12,Hyderabad,26.2,66.92,5.58,473.41,80.2,436.83,3303.84,16.19,5.92,Low
2024-09-13,Mumbai,19.21,64.85,7.06,469.78,75.5,243.73,2373.42,17.37,10.8,Low
2024-09-14,Mumbai,24.44,68.99,3.87,455.91,93.5,387.42,2932.14,28.1,7.2,Low
2024-09-15,Delhi,23.89,58.0,2.3,465.93,78.9,365.72,2597.71,29.8,12.84,Low
2024-09-16,Hyderabad,23.89,77.04,2.34,465.37,105.9,376.5,3128.34,16.64,12.66,Low
2024-09-17,Bengaluru,25.68,77.73,2.09,463.22,115.4,381.35,3055.57,9.18,3.51,Low
2024-09-18,Hyderabad,21.06,73.82,1.07,464.86,64.3,335.94,2720.16,14.1,13.79,Low
2024-09-19,Mumbai,25.44,73.65,0.16,459.84,85.1,364.66,3322.59,20.7,10.65,Low
2024-09-20,Delhi,24.93,64.26,0.98,453.99,94.4,342.93,2703.44,28.63,7.03,Low
2024-09-21,Delhi,22.37,73.26,1.03,465.23,99.4,339.48,2795.93,26.48,8.53,Low
2024-09-22,Mumbai,25.63,81.99,0.16,475.48,79.6,446.68,3081.09,11.62,12.85,Low
2024-09-23,Bengaluru,22.82,88.75,4.26,466.69,75.3,378.9,2911.82,26.57,7.96,Low
2024-09-24,Mumbai,23.37,67.26,0.06,466.23,96.1,406.62,2685.86,16.74,6.98,Low
2024-09-25,Mumbai,24.6,68.74,4.23,459.09,75.6,377.63,3260.94,24.47,14.76,Low
2024-09-26,Chennai,26.82,71.86,4.52,477.66,104.1,418.72,2777.04,23.32,10.6,Moderate
2024-09-27,Delhi,23.95,70.35,1.35,464.82,122.5,406.81,2936.38,27.0,8.84,Low
2024-09-28,Bengaluru,24.17,70.21,4.42,456.89,71.6,353.74,3370.69,29.13,19.37,Low
2024-09-29,Bengaluru,20.6,73.77,4.28,466.34,69.7,352.38,2877.84,21.83,8.16,Low
2024-09-30,Mumbai,23.93,65.97,5.36,467.11,77.6,423.07,2656.42,13.26,7.59,Low
2024-10-01,Hyderabad,22.87,66.75,2.86,453.22,63.7,400.13,2374.99,16.16,9.68,Low
2024-10-02,Delhi,21.33,70.19,0.82,463.11,58.5,398.88,2659.05,26.47,11.16,Low
2024-10-03,Mumbai,24.37,71.49,1.16,462.55,85.9,321.66,3005.86,22.63,7.62,Low
2024-10-04,Mumbai,25.2,79.28,1.97,461.6,57.0,457.44,2902.98,27.35,13.51,Low
2024-10-05,Mumbai,24.1,72.63,6.03,453.82,97.1,356.55,2607.04,22.41,17.0,Low
2024-10-06,Delhi,27.15,71.64,13.32,467.33,80.4,434.11,3038.64,18.56,10.99,Low
2024-10-07,Delhi,23.31,69.02,3.03,461.62,66.4,382.05,2795.65,23.33,22.29,Low
2024-10-08,Bengaluru,26.21,74.64,2.95,463.25,102.1,414.16,3019.16,18.7,2.03,Low
2024-10-09,Mumbai,23.98,74.95,2.92,464.08,78.7,317.74,2951.28,24.86,6.66,Low
2024-10-10,Chennai,23.58,76.87,2.88,463.37,92.0,366.28,2908.74,24.09,11.4,Low
2024-10-11,Delhi,21.18,69.63,2.27,454.41,68.6,292.25,2593.98,24.68,7.62,Low
2024-10-12,Hyderabad,22.97,78.37,5.26,472.51,84.1,345.04,3082.85,22.56,3.46,Low
2024-10-13,Bengaluru,23.47,77.22,4.59,464.49,89.0,370.0,3070.59,22.56,8.33,Low
2024-10-14,Chennai,24.31,66.78,3.16,455.83,102.5,406.59,2677.32,21.77,0.0,Low
2024-10-15,Bengaluru,24.43,83.0,1.45,467.8,97.2,388.21,2698.35,25.47,9.45,Low
2024-10-16,Hyderabad,26.42,76.42,4.66,455.75,90.7,386.38,2944.03,29.23,5.9,Low
2024-10-17,Delhi,23.79,69.99,1.99,465.78,73.9,400.86,2902.06,28.13,22.97,Low
2024-10-18,Chennai,21.59,74.8,8.42,453.86,74.7,359.82,3242.56,26.3,11.28,Low
2024-10-19,Mumbai,20.26,73.65,0.65,472.43,85.9,397.96,2896.39,21.72,2.07,Low
2024-10-20,Mumbai,22.46,69.31,1.19,464.28,105.0,345.61,3229.81,24.7,7.42,Low
2024-10-21,Bengaluru,23.82,76.45,5.19,451.55,91.1,385.59,3000.0,24.54,13.1,Low
2024-10-22,Mumbai,24.87,62.81,7.59,457.12,115.5,411.88,3056.4,21.32,11.37,Low
2024-10-23,Chennai,27.35,77.2,1.05,468.66,104.6,449.08,3492.83,20.76,2.98,Moderate
2024-10-24,Bengaluru,27.05,61.89,4.59,466.2,78.7,437.24,3026.91,31.5,7.36,Low
2024-10-25,Delhi,27.4,60.86,3.22,467.28,70.5,323.77,2828.07,25.77,9.24,Low
2024-10-26,Chennai,19.77,70.44,1.46,480.04,123.5,361.11,2956.47,29.78,10.61,Low
2024-10-27,Chennai,23.17,65.98,4.34,458.77,82.7,370.38,2892.98,25.91,5.95,Low
2024-10-28,Chennai,27.6,71.29,5.71,461.5,89.6,411.91,3264.18,25.06,18.77,Moderate
2024-10-29,Chennai,24.55,75.75,2.28,464.67,59.5,380.23,2632.87,23.5,14.97,Low
2024-10-30,Mumbai,25.62,59.99,0.77,467.95,108.6,381.74,2808.51,23.74,14.63,Low
2024-10-31,Chennai,21.29,56.76,3.02,463.72,70.9,379.4,2619.16,24.46,11.46,Low
2024-11-01,Hyderabad,23.7,76.03,1.83,461.0,65.4,436.28,2989.77,19.45,15.53,Low
2024-11-02,Bengaluru,24.6,73.95,1.94,455.56,66.5,348.15,2710.37,21.49,18.8,Low
2024-11-03,Hyderabad,22.82,70.79,1.95,470.12,78.0,379.99,3141.49,31.37,20.44,Low
2024-11-04,Delhi,23.55,72.08,8.49,466.02,84.8,407.11,2906.38,25.74,5.78,Low
2024-11-05,Chennai,22.29,75.01,0.12,463.72,67.5,335.61,2750.35,19.61,11.28,Low
2024-11-06,Mumbai,23.3,68.75,2.12,472.7,96.9,360.83,2670.98,29.91,14.25,Low
2024-11-07,Delhi,26.84,68.79,3.42,474.6,90.1,381.52,2795.18,18.66,2.66,Low
2024-11-08,Bengaluru,22.53,65.37,5.48,475.46,92.3,420.58,2783.39,27.9,12.45,Low
2024-11-09,Mumbai,25.69,76.84,6.35,475.03,96.4,442.61,2892.33,31.31,8.81,Low
2024-11-10,Delhi,26.98,76.43,1.67,465.56,108.3,418.32,2938.37,28.94,8.1,Moderate
2024-11-11,Hyderabad,26.02,61.2,9.68,462.6,106.5,459.19,3134.89,27.79,10.13,Low
2024-11-12,Hyderabad,25.61,72.42,4.88,460.02,102.2,379.07,2877.96,27.8,18.31,Low
2024-11-13,Bengaluru,26.53,58.62,5.48,468.81,83.7,417.27,2583.9,22.73,2.39,Low
2024-11-14,Hyderabad,25.6,71.98,0.14,469.51,94.2,412.37,2959.34,26.64,9.04,Low
2024-11-15,Delhi,25.3,72.43,1.94,470.79,94.8,345.84,3098.52,27.77,14.66,Low
2024-11-16,Mumbai,25.95,70.71,3.62,461.73,81.9,400.58,3239.45,27.08,17.61,Low
2024-11-17,Mumbai,24.87,73.9,5.42,477.82,68.9,379.32,2926.67,28.81,0.0,Low
2024-11-18,Delhi,23.6,71.9,3.04,467.95,98.2,347.11,2321.63,30.12,9.93,Low
2024-11-19,Hyderabad,27.43,83.23,10.27,469.53,78.6,441.15,2953.59,29.42,10.89,Moderate
2024-11-20,Mumbai,22.67,76.38,7.35,476.67,84.0,372.4,2957.63,31.6,10.96,Low
2024-11-21,Mumbai,22.7,67.12,5.02,471.28,89.4,288.81,3020.46,27.53,6.21,Low
2024-11-22,Chennai,25.12,72.29,11.09,458.61,89.8,465.95,2809.6,26.42,11.64,Low
2024-11-23,Delhi,23.5,73.75,9.87,450.06,46.8,332.71,2770.05,22.7,13.26,Low
2024-11-24,Mumbai,24.17,74.69,3.24,463.77,129.4,378.36,2954.62,30.04,15.81,Low
2024-11-25,Chennai,20.87,62.52,2.17,477.39,91.1,346.55,2815.98,31.28,6.74,Low
2024-11-26,Mumbai,23.28,77.33,7.34,471.36,91.2,357.51,3098.51,26.31,14.19,Low
2024-11-27,Chennai,25.65,65.76,0.6,465.78,101.2,438.7,2723.66,26.73,10.8,Low
2024-11-28,Hyderabad,24.0,65.36,5.81,453.67,69.7,332.38,3188.05,22.13,16.37,Low
2024-11-29,Mumbai,26.17,69.79,3.95,480.35,79.3,416.38,2937.95,33.95,0.0,Low
2024-11-30,Hyderabad,29.25,63.3,3.63,477.41,77.1,431.0,2634.77,36.71,24.72,Moderate
2024-12-01,Delhi,29.19,78.13,0.32,463.7,100.8,422.27,3088.24,27.57,16.4,Moderate
2024-12-02,Mumbai,28.88,70.03,5.29,475.06,94.4,446.2,3366.54,18.88,6.18,Moderate
2024-12-03,Mumbai,25.85,60.83,1.1,477.84,79.5,369.77,2760.43,30.56,6.55,Low
2024-12-04,Mumbai,27.03,60.51,3.95,467.23,96.3,456.22,2931.95,24.89,11.63,Moderate
2024-12-05,Hyderabad,23.72,70.31,8.12,483.05,95.1,375.3,2992.06,26.63,2.58,Low
2024-12-06,Chennai,26.66,71.44,4.99,465.45,68.3,410.81,2949.94,27.56,6.73,Low
2024-12-07,Chennai,25.99,82.12,0.78,464.29,98.7,464.9,3042.97,34.0,14.27,Low
2024-12-08,Mumbai,24.17,81.08,9.78,456.91,74.8,427.56,3087.06,26.3,5.68,Low
2024-12-09,Mumbai,28.11,72.44,12.95,466.69,94.4,398.55,3248.26,26.4,9.87,Moderate
2024-12-10,Hyderabad,25.89,67.98,4.48,474.04,74.0,395.58,2983.52,29.43,14.53,Low
2024-12-11,Delhi,30.68,73.51,18.42,473.55,101.7,507.67,3178.9,30.84,9.74,Moderate
2024-12-12,Delhi,30.14,68.95,1.31,476.9,109.1,456.17,3427.66,30.55,18.13,Moderate
2024-12-13,Delhi,27.95,76.77,5.68,473.02,71.6,411.37,3092.77,35.48,18.98,Moderate
2024-12-14,Hyderabad,29.31,61.49,4.22,469.35,80.1,509.29,2958.07,33.97,9.33,Moderate
2024-12-15,Chennai,24.62,72.9,0.26,480.46,77.4,358.1,2424.67,20.75,10.98,Low
2024-12-16,Bengaluru,27.86,67.17,2.33,466.9,98.9,379.79,2785.03,29.29,5.71,Moderate
2024-12-17,Chennai,25.09,73.99,4.31,482.36,124.7,397.15,2882.2,35.81,16.2,Moderate
2024-12-18,Bengaluru,28.59,64.0,1.73,472.73,77.4,521.52,3057.59,23.35,11.69,Moderate
2024-12-19,Bengaluru,24.94,74.79,3.96,483.9,100.7,376.94,3071.27,32.19,8.61,Low
2024-12-20,Bengaluru,28.34,66.57,4.43,475.94,110.4,389.1,2917.11,24.6,8.65,Moderate
2024-12-21,Bengaluru,26.77,65.79,5.21,507.98408649573776,164.88411452724105,721.8100311137713,3002.79,35.78,14.42,Moderate
2024-12-22,Chennai,27.64,69.45,0.38,458.38,69.0,457.43,3024.91,43.38,17.61,Low
2024-12-23,Bengaluru,29.63,65.91,4.93,463.99,81.1,451.37,3121.72,29.95,5.7,Moderate
2024-12-24,Bengaluru,23.79,66.62,1.36,472.23,72.9,394.85,2725.66,33.96,12.57,Low
2024-12-25,Delhi,28.22,65.16,11.22,470.83,118.0,405.98,2899.32,27.21,8.94,Moderate
2024-12-26,Delhi,30.62,71.77,2.92,469.22,96.2,502.31,3068.5,35.1,7.56,Moderate
2024-12-27,Bengaluru,30.95,66.74,1.0,475.06,70.0,486.02,3214.2,25.56,7.73,Moderate
2024-12-28,Mumbai,27.11,71.39,7.73,471.16,89.1,418.24,2659.04,28.13,9.5,Moderate
2024-12-29,Chennai,30.14,74.01,19.88,484.63,113.0,462.46,3202.64,28.55,10.67,Moderate
2024-12-30,Delhi,29.3,73.24,3.0,475.22,121.0,445.35,3303.66,28.78,4.17,Moderate
2024-12-31,Hyderabad,26.87,69.34,9.2,458.7,108.6,405.97,3076.72,37.91,14.39,Moderate
2025-01-01,Delhi,31.36,85.35,1.27,470.15,115.8,445.32,3370.74,33.91,11.69,Moderate
2025-01-02,Hyderabad,28.23,69.52,4.96,482.76,67.7,422.97,3039.48,41.26,10.88,Moderate
2025-01-03,Bengaluru,28.26,65.62,7.38,480.75,111.7,445.26,2804.21,31.28,11.57,Moderate
2025-01-04,Mumbai,28.35,77.13,6.0,479.19,84.7,447.01,2928.48,23.39,11.07,Moderate
2025-01-05,Mumbai,31.01,71.06,5.43,479.45,97.2,398.31,3149.14,32.43,14.92,Moderate
2025-01-06,Hyderabad,27.93,77.98,7.27,467.02,104.1,420.77,2839.9,30.72,15.5,Moderate
2025-01-07,Hyderabad,28.99,69.67,8.65,477.74,83.9,425.35,3143.26,39.03,14.48,Moderate
2025-01-08,Delhi,30.74,71.45,0.95,479.17,95.5,448.37,3235.97,34.61,19.87,Moderate
2025-01-09,Mumbai,30.45,70.67,4.62,480.35,92.1,445.52,3416.11,24.83,8.04,Moderate
2025-01-10,Hyderabad,28.43,78.31,1.24,475.17,108.8,477.56,2845.33,36.08,16.6,Moderate
2025-01-11,Chennai,26.79,70.82,2.31,478.78,92.2,380.33,2801.96,28.61,8.32,Low
2025-01-12,Hyderabad,30.2,72.03,3.73,470.64,90.2,474.75,2889.08,31.34,12.66,Moderate
2025-01-13,Hyderabad,27.99,55.17,11.69,469.35,92.1,421.16,3027.83,23.54,15.56,Moderate
2025-01-14,Hyderabad,30.31,64.11,1.02,485.47,72.8,440.94,3090.13,30.58,7.57,Moderate
2025-01-15,Bengaluru,28.14,71.83,2.75,478.93,91.3,398.93,2802.92,32.86,6.32,Moderate
2025-01-16,Mumbai,27.1,84.53,2.14,473.88,73.9,400.48,3247.8,30.55,10.85,Low
2025-01-17,Bengaluru,31.1,63.71,4.62,476.25,126.7,438.6,3184.41,38.73,2.68,Moderate
2025-01-18,Delhi,28.37,66.02,0.41,481.23,119.7,484.48,3492.7,26.68,14.91,Moderate
2025-01-19,Mumbai,28.49,74.03,8.7,478.43,102.1,414.32,2913.02,30.82,7.54,Moderate
2025-01-20,Mumbai,27.86,63.62,18.22,476.03,94.2,374.36,2908.77,33.15,15.94,Moderate
2025-01-21,Chennai,26.22,73.15,25.64,484.73,74.0,360.1,3152.63,32.89,14.04,Low
2025-01-22,Delhi,29.49,73.18,1.81,480.85,89.5,440.63,3153.62,36.39,22.89,Moderate
2025-01-23,Chennai,28.71,66.39,0.79,472.06,89.0,400.1,2915.43,34.67,14.74,Moderate
2025-01-24,Hyderabad,33.03,68.03,1.16,481.28,100.3,538.39,3164.31,40.95,29.84,Moderate
2025-01-25,Delhi,27.51,80.34,2.19,473.38,76.1,437.2,3523.96,32.76,10.24,Moderate
2025-01-26,Chennai,30.28,70.04,0.79,482.72,109.2,419.13,3134.52,30.49,10.68,Moderate
2025-01-27,Delhi,29.25,70.87,3.62,466.07,95.7,501.31,3062.97,28.59,0.0,Moderate
2025-01-28,Hyderabad,28.61,59.87,1.65,485.98,104.3,439.37,3106.84,28.35,14.32,Moderate
2025-01-29,Hyderabad,29.79,60.63,13.18,479.6,124.8,389.53,2975.81,23.14,11.74,Moderate
2025-01-30,Hyderabad,31.92,67.61,4.38,468.88,65.4,500.97,3408.27,27.83,15.86,Moderate
2025-01-31,Delhi,31.63,59.66,15.03,480.72,94.8,481.72,2969.78,42.7,19.13,Moderate
2025-02-01,Bengaluru,28.99,59.47,0.89,480.88,83.7,431.12,3077.15,31.46,6.44,Moderate
2025-02-02,Delhi,29.28,63.08,5.36,478.46,88.5,411.3,2746.29,36.48,11.07,Moderate
2025-02-03,Chennai,32.19,60.72,4.63,473.46,66.7,462.41,3237.27,40.05,26.97,Moderate
2025-02-04,Bengaluru,30.19,62.21,15.67,489.88,76.7,440.41,2767.76,32.84,9.81,Moderate
2025-02-05,Hyderabad,30.67,80.37,13.55,494.1,92.0,414.22,3133.68,32.98,13.24,Moderate
2025-02-06,Chennai,33.17,64.45,5.48,557.5743604392169,176.236759456519,773.5275519466369,3053.87,29.79,33.83,High
2025-02-07,Chennai,29.78,64.21,2.37,485.15,101.4,483.74,2578.03,39.84,0.0,Moderate
2025-02-08,Mumbai,28.37,65.66,8.61,490.55,110.4,387.38,3193.77,36.98,5.19,Moderate
2025-02-09,Mumbai,32.52,66.88,0.61,478.45,115.9,595.94,3130.52,35.12,27.15,Moderate
2025-02-10,Hyderabad,31.79,67.15,29.12,477.29,96.1,415.6,3333.28,34.37,18.79,Moderate
2025-02-11,Mumbai,28.2,56.76,8.26,481.25,89.6,395.19,2879.59,35.41,7.97,Moderate
2025-02-12,Bengaluru,28.67,57.39,9.05,486.17,110.5,484.41,2675.29,35.81,22.74,Moderate
2025-02-13,Bengaluru,30.79,70.37,7.29,480.98,100.4,452.38,2924.71,35.53,14.55,Moderate
2025-02-14,Mumbai,28.21,76.25,0.26,480.34,109.1,344.04,3309.66,32.3,10.67,Moderate
2025-02-15,Chennai,34.34,70.31,2.55,479.07,93.2,454.24,2982.08,34.85,51.25,High
2025-02-16,Chennai,30.86,63.26,1.25,481.8,130.0,446.59,3058.22,35.59,0.7,Moderate
2025-02-17,Mumbai,34.58,72.7,3.44,492.81,150.7,569.72,3097.35,27.51,44.1,High
2025-02-18,Chennai,31.69,65.59,3.19,489.54,94.7,446.84,3188.18,40.26,22.67,Moderate
2025-02-19,Mumbai,29.87,61.66,11.71,482.78,103.4,493.38,3132.25,30.52,3.06,Moderate
2025-02-20,Bengaluru,34.63,67.28,10.31,477.56,116.7,476.51,2975.81,40.67,39.79,High
2025-02-21,Bengaluru,31.63,76.51,11.2,479.36,104.3,454.73,3210.74,30.04,21.25,Moderate
2025-02-22,Hyderabad,33.51,71.09,3.67,492.85,64.9,507.9,3385.59,38.75,36.07,Moderate
2025-02-23,Delhi,29.35,61.24,6.82,473.68,81.9,475.33,3010.83,35.38,12.46,Moderate
2025-02-24,Chennai,32.43,58.79,1.96,484.41,107.2,485.82,3219.89,33.67,20.79,Moderate
2025-02-25,Mumbai,34.11,61.17,3.86,481.22,134.9,533.42,3208.32,39.54,31.94,High
2025-02-26,Chennai,30.95,65.55,8.27,485.52,95.6,519.63,3229.42,41.07,6.89,Moderate
2025-02-27,Delhi,32.77,59.88,6.81,488.67,121.4,505.99,3186.36,29.0,23.13,Moderate
2025-02-28,Bengaluru,32.18,72.55,4.7,468.54,92.1,461.14,3434.4,36.21,24.6,Moderate
2025-03-01,Chennai,33.97,67.92,2.34,475.89,101.1,462.17,3041.04,29.02,33.4,Moderate
2025-03-02,Mumbai,30.41,76.26,10.45,481.47,107.2,494.41,3024.22,27.59,7.88,Moderate
2025-03-03,Delhi,31.66,72.55,6.68,485.07,87.7,423.71,3419.04,41.19,12.34,Moderate
2025-03-04,Bengaluru,32.06,72.44,9.26,478.94,105.6,450.59,3242.3,34.97,26.28,Moderate
2025-03-05,Mumbai,30.4,69.76,10.56,499.54,106.8,494.71,3329.61,29.46,13.08,Moderate
2025-03-06,Chennai,31.76,66.31,4.96,477.01,96.1,504.67,3220.52,27.8,14.39,Moderate
2025-03-07,Bengaluru,33.27,71.94,11.9,491.93,117.6,508.49,3523.06,29.66,41.67,High
2025-03-08,Hyderabad,31.9,59.2,2.43,486.16,106.0,456.54,2786.59,22.16,20.49,Moderate
2025-03-09,Hyderabad,33.57,65.82,13.03,476.46,105.2,517.27,3700.6,33.77,34.83,Moderate
2025-03-10,Delhi,29.4,67.93,9.57,476.91,117.3,484.57,3131.11,34.03,20.7,Moderate
2025-03-11,Bengaluru,34.63,67.35,10.04,483.75,89.7,463.4,3803.56,30.57,45.91,High
2025-03-12,Mumbai,31.51,56.45,0.92,477.56,128.3,532.12,2992.3,36.91,20.72,Moderate
2025-03-13,Hyderabad,29.3,79.13,5.21,497.54,105.8,384.41,3016.92,24.93,3.87,Moderate
2025-03-14,Mumbai,36.06,61.43,7.43,481.4,99.6,517.9,3445.07,28.73,60.38,High
2025-03-15,Delhi,33.65,70.32,9.13,483.95,101.6,491.2,3395.28,24.45,29.48,Moderate
2025-03-16,Hyderabad,33.66,69.86,3.46,494.18,115.2,483.2,3371.74,34.03,36.73,High
2025-03-17,Delhi,33.0,67.97,2.33,479.33,93.0,472.28,2887.86,35.0,25.57,Moderate
2025-03-18,Hyderabad,31.89,64.55,0.96,470.2,118.2,526.8,2971.54,23.78,17.49,Moderate
2025-03-19,Mumbai,33.96,65.73,2.54,493.95,125.4,487.29,3164.87,31.25,33.0,High
2025-03-20,Delhi,28.71,76.25,9.85,489.11,115.1,433.66,3141.94,23.91,3.61,Moderate
2025-03-21,Hyderabad,33.09,65.35,4.73,474.95,95.4,478.88,2982.61,32.36,35.11,Moderate
2025-03-22,Mumbai,31.89,67.61,14.05,480.0,87.6,502.6,3552.28,40.56,27.73,Moderate
2025-03-23,Chennai,35.75,69.59,7.27,497.07,82.2,566.46,3402.47,28.27,45.59,High
2025-03-24,Bengaluru,30.44,70.49,3.23,479.43,120.3,460.27,2961.96,31.84,11.64,Moderate
2025-03-25,Mumbai,31.04,68.86,2.68,494.36,106.0,549.17,3017.78,24.63,3.34,Moderate
2025-03-26,Hyderabad,34.35,76.01,5.84,481.57,84.1,504.71,3258.27,22.21,39.25,High
2025-03-27,Chennai,31.1,73.94,0.44,482.18,88.0,421.6,3008.69,32.34,13.14,Moderate
2025-03-28,Mumbai,32.48,70.04,2.19,489.43,100.0,543.96,3145.07,26.88,20.17,Moderate
2025-03-29,Hyderabad,34.38,71.97,11.21,484.01,101.8,532.24,3079.92,34.26,33.94,High
2025-03-30,Bengaluru,33.94,54.83,22.77,483.67,122.2,543.59,2993.23,24.35,27.96,High
2025-03-31,Bengaluru,33.16,74.97,2.34,485.02,96.4,471.1,3325.34,33.97,30.3,Moderate
2025-04-01,Chennai,31.47,68.55,3.0,474.09,87.2,391.98,3117.12,27.91,13.76,Moderate
2025-04-02,Hyderabad,31.75,55.07,4.29,491.98,105.6,509.46,2852.82,24.91,19.8,Moderate
2025-04-03,Hyderabad,33.22,69.27,6.68,482.22,96.7,500.51,3076.13,26.63,24.64,Moderate
2025-04-04,Mumbai,31.6,70.47,3.52,481.93,99.9,493.68,2758.66,25.29,17.91,Moderate
2025-04-05,Chennai,33.49,57.37,16.84,490.17,110.4,522.63,3350.44,25.38,42.9,High
2025-04-06,Delhi,31.32,71.75,9.04,494.64,116.5,472.55,3183.95,27.79,3.37,Moderate
2025-04-07,Chennai,33.24,64.22,1.61,481.15,92.7,467.89,3168.14,23.89,28.78,Moderate
2025-04-08,Mumbai,30.13,57.51,1.39,484.8,88.1,475.37,3092.67,29.4,0.0,Moderate
2025-04-09,Chennai,33.0,58.38,15.33,484.71,101.3,457.2,2867.7,26.63,26.48,Moderate
2025-04-10,Hyderabad,29.13,59.85,4.41,484.71,102.9,439.51,3150.89,26.64,12.22,Moderate
2025-04-11,Delhi,30.96,70.78,6.55,484.84,108.4,508.1,3072.45,28.71,8.57,Moderate
2025-04-12,Bengaluru,34.36,63.83,6.09,485.08,104.5,467.51,3235.39,23.83,46.81,High
2025-04-13,Delhi,31.88,65.0,9.05,472.6,102.7,446.36,3048.19,34.6,22.12,Moderate
2025-04-14,Delhi,30.87,69.7,8.63,480.32,96.0,506.26,3230.77,31.97,18.56,Moderate
2025-04-15,Mumbai,33.03,68.24,8.66,487.46,100.2,474.89,3463.26,14.83,33.03,Moderate
2025-04-16,Delhi,30.84,81.55,15.88,491.56,101.3,492.16,3263.95,33.51,16.45,Moderate
2025-04-17,Hyderabad,33.07,74.71,13.43,488.44,91.6,490.75,3115.15,25.87,28.63,Moderate
2025-04-18,Chennai,28.87,63.74,17.86,472.31,79.4,409.02,3065.62,34.49,9.7,Moderate
2025-04-19,Mumbai,31.29,60.03,12.44,469.66,85.7,447.03,3184.59,25.34,7.6,Moderate
2025-04-20,Hyderabad,30.71,65.71,1.77,482.59,111.9,436.01,3491.95,23.26,10.39,Moderate
2025-04-21,Chennai,31.0,62.24,16.11,492.89,93.5,490.61,3225.11,21.55,10.28,Moderate
2025-04-22,Mumbai,34.57,62.64,4.78,499.19,116.3,505.86,3316.52,23.01,33.2,High
2025-04-23,Bengaluru,31.57,56.49,2.18,482.19,77.8,362.03,3220.8,30.78,19.85,Moderate
2025-04-24,Hyderabad,30.68,67.33,9.08,486.02,109.0,444.12,2857.89,34.64,4.3,Moderate
2025-04-25,Bengaluru,32.07,65.96,3.47,478.86,77.9,474.92,3223.39,20.38,13.2,Moderate
2025-04-26,Hyderabad,34.74,69.1,23.55,483.37,86.6,493.92,3089.92,26.0,41.01,High
2025-04-27,Bengaluru,34.37,71.71,1.15,479.68,91.6,511.99,3129.67,21.29,34.54,High
2025-04-28,Hyderabad,31.99,58.85,2.33,496.07,119.6,496.87,3055.05,26.45,15.06,Moderate
2025-04-29,Chennai,32.98,75.27,3.52,480.41,100.7,479.8,3271.75,29.64,31.35,Moderate
2025-04-30,Hyderabad,30.33,65.55,3.86,476.15,85.0,398.69,3253.64,24.27,8.2,Moderate
2025-05-01,Mumbai,32.54,65.64,22.18,473.68,91.7,461.24,3459.39,19.66,21.28,Moderate
2025-05-02,Bengaluru,29.97,73.86,15.03,476.01,141.5,469.31,2924.58,25.45,12.25,Moderate
2025-05-03,Hyderabad,34.16,76.72,16.44,490.81,133.0,479.75,3393.8,11.97,45.44,High
2025-05-04,Chennai,30.56,73.95,3.71,487.13,106.4,474.92,3163.28,10.9,9.97,Moderate
2025-05-05,Bengaluru,31.63,70.26,1.09,485.02,118.2,518.22,3187.31,25.78,11.48,Moderate
2025-05-06,Delhi,31.54,72.12,2.95,481.4,108.8,502.01,3025.63,27.66,11.16,Moderate
2025-05-07,Mumbai,33.87,63.44,7.37,485.19,84.4,473.73,3333.77,28.39,34.9,Moderate
2025-05-08,Chennai,31.67,76.38,15.44,479.13,112.5,430.03,3175.38,21.31,14.1,Moderate
2025-05-09,Mumbai,32.67,75.77,1.24,464.37,78.7,471.14,3320.68,25.0,25.99,Moderate
2025-05-10,Chennai,33.52,67.17,14.41,488.53,110.5,491.78,3294.53,30.71,35.16,High
2025-05-11,Bengaluru,31.41,64.79,2.39,488.29,108.9,458.43,2861.3,27.59,18.2,Moderate
2025-05-12,Bengaluru,29.03,70.63,15.72,480.23,83.0,422.22,3151.08,19.71,17.25,Moderate
2025-05-13,Chennai,29.23,71.55,4.26,489.99,92.5,464.97,3153.92,26.27,0.0,Moderate
2025-05-14,Chennai,30.55,68.72,12.17,488.43,114.4,537.03,3179.15,8.91,15.34,Moderate
2025-05-15,Hyderabad,27.97,65.15,4.46,476.67,78.0,366.71,2898.02,22.49,2.27,Low
2025-05-16,Hyderabad,29.44,70.51,5.92,482.86,91.8,506.66,2729.67,22.1,12.07,Moderate
2025-05-17,Mumbai,32.07,64.2,12.55,496.47,109.3,504.76,2919.36,31.14,27.94,Moderate
2025-05-18,Chennai,29.76,69.58,4.28,487.36,100.2,413.3,3209.92,29.53,5.88,Moderate
2025-05-19,Chennai,33.77,71.11,7.4,483.44,109.3,516.58,3220.94,21.44,30.25,High
2025-05-20,Hyderabad,30.22,72.79,2.26,487.47,101.7,442.79,3167.55,20.06,7.43,Moderate
2025-05-21,Chennai,29.58,66.44,22.38,493.73,84.0,434.28,2877.07,20.02,14.4,Moderate
2025-05-22,Chennai,28.98,76.96,10.39,498.82,79.4,418.29,3338.93,20.28,15.4,Moderate
2025-05-23,Mumbai,33.93,57.04,9.31,467.75,90.2,477.88,3083.62,22.7,37.67,Moderate
2025-05-24,Chennai,30.79,65.42,12.14,479.46,96.8,435.67,3376.96,14.28,13.87,Moderate
2025-05-25,Bengaluru,31.16,70.42,42.76,478.64,87.3,513.18,3032.9,25.92,10.59,Moderate
2025-05-26,Delhi,32.97,54.48,4.91,518.4779076366711,163.8996628549296,1077.459732666349,2864.64,20.69,26.69,Moderate
2025-05-27,Delhi,35.07,66.87,3.25,485.37,106.0,458.15,3405.75,24.35,47.61,High
2025-05-28,Hyderabad,31.81,58.07,5.11,494.07,116.1,446.58,3140.47,18.46,9.36,Moderate
2025-05-29,Mumbai,29.0,65.38,6.99,495.05,103.3,491.37,3031.09,20.73,9.66,Moderate
2025-05-30,Chennai,32.52,66.84,8.85,474.06,111.2,475.98,2834.65,22.92,29.94,Moderate
2025-05-31,Chennai,29.04,65.96,6.39,481.71,102.5,438.81,2863.76,20.47,5.99,Moderate
2025-06-01,Hyderabad,29.74,60.69,1.64,486.6,88.9,399.03,3340.14,28.6,1.08,Moderate
2025-06-02,Mumbai,29.97,65.11,3.4,490.28,106.6,448.17,3175.32,17.92,6.54,Moderate
2025-06-03,Delhi,29.92,62.74,3.62,480.05,123.6,460.04,3146.91,22.03,13.99,Moderate
2025-06-04,Chennai,29.72,72.58,1.7,472.74,84.3,529.61,2767.93,28.38,3.86,Moderate
2025-06-05,Chennai,28.57,71.96,20.52,482.48,122.6,423.73,2864.24,19.37,4.77,Moderate
2025-06-06,Chennai,31.98,63.17,0.67,467.63,103.0,452.07,3079.14,13.73,13.79,Moderate
2025-06-07,Bengaluru,29.77,69.45,2.66,484.17,83.7,434.63,2830.45,21.45,7.53,Moderate
2025-06-08,Delhi,30.39,75.25,2.95,481.37,110.3,391.14,3275.05,20.93,8.11,Moderate
2025-06-09,Chennai,32.85,76.74,1.18,485.35,84.4,422.37,3166.72,17.21,26.38,Moderate
2025-06-10,Chennai,29.01,68.42,3.62,484.79,93.9,410.83,2932.38,16.29,11.1,Moderate
2025-06-11,Delhi,32.52,60.51,13.14,482.95,94.5,480.1,3132.23,23.07,23.4,Moderate
2025-06-12,Mumbai,27.61,68.2,3.16,486.91,79.6,363.04,3047.21,22.53,9.71,Moderate
2025-06-13,Delhi,33.67,68.82,5.16,486.81,73.0,547.58,3209.08,19.71,28.12,Moderate
2025-06-14,Chennai,25.09,80.71,10.62,486.38,108.0,406.1,2897.31,8.87,14.41,Low
2025-06-15,Chennai,28.34,68.94,0.24,481.56,82.4,440.97,2780.59,18.27,9.43,Moderate
2025-06-16,Delhi,29.64,63.38,5.1,477.2,117.8,457.33,3368.62,21.31,12.52,Moderate
2025-06-17,Mumbai,29.4,72.45,7.92,489.95,109.9,381.7,3186.51,13.73,11.82,Moderate
2025-06-18,Delhi,31.01,75.91,8.03,486.43,76.6,425.75,3177.27,13.96,9.1,Moderate
2025-06-19,Mumbai,30.56,73.45,7.05,478.1,87.0,428.74,3223.12,22.05,17.2,Moderate
2025-06-20,Hyderabad,29.66,69.23,2.62,488.25,114.8,480.92,3346.64,20.92,8.69,Moderate
2025-06-21,Delhi,31.64,63.62,21.84,471.72,90.2,436.57,3309.7,30.3,19.26,Moderate
2025-06-22,Hyderabad,30.01,75.29,14.42,473.0,107.5,463.59,3062.29,19.23,6.53,Moderate
2025-06-23,Mumbai,29.45,59.35,4.57,478.9,108.1,400.39,3163.57,21.94,20.64,Moderate
2025-06-24,Hyderabad,29.06,72.57,1.31,494.58,105.0,448.31,2924.82,22.05,6.9,Moderate
2025-06-25,Mumbai,30.38,72.3,2.9,473.2,105.2,479.0,3149.36,23.5,7.64,Moderate
2025-06-26,Chennai,30.08,67.98,8.55,473.87,87.3,406.43,3294.52,10.27,11.74,Moderate
2025-06-27,Hyderabad,28.51,64.38,4.7,494.85,119.7,425.93,2978.58,15.14,0.98,Moderate
2025-06-28,Chennai,29.44,69.59,3.23,494.05,116.4,403.03,3135.35,19.36,16.51,Moderate
2025-06-29,Delhi,28.76,68.23,1.35,466.9,100.7,480.32,3025.81,31.02,3.05,Moderate
2025-06-30,Delhi,30.77,61.36,8.05,484.57,107.2,458.36,3179.5,13.12,17.65,Moderate
2025-07-01,Bengaluru,28.34,79.54,6.6,482.84,83.6,383.2,2892.11,28.46,7.43,Moderate
2025-07-02,Bengaluru,25.48,74.69,1.89,482.85,79.6,461.2,3005.54,18.85,12.98,Low
2025-07-03,Hyderabad,27.41,72.72,1.49,479.04,109.5,411.24,2417.4,14.73,7.66,Moderate
2025-07-04,Chennai,27.94,68.06,1.71,480.26,104.3,401.76,3081.83,10.39,3.35,Moderate
2025-07-05,Bengaluru,29.8,77.22,2.66,462.55,81.2,428.18,3182.28,8.79,7.22,Moderate
2025-07-06,Hyderabad,28.46,78.64,2.88,485.3,102.5,408.11,3166.24,17.73,15.0,Moderate
2025-07-07,Chennai,30.5,80.09,18.5,480.35,111.2,522.29,3291.62,20.6,11.01,Moderate
2025-07-08,Chennai,26.83,66.84,9.27,478.65,94.6,444.29,2623.51,16.87,26.97,Moderate
2025-07-09,Mumbai,30.28,66.24,9.96,469.48,93.3,409.47,3459.84,8.05,10.59,Moderate
2025-07-10,Delhi,25.93,69.07,1.4,480.74,93.6,403.37,2785.43,16.94,13.67,Low
2025-07-11,Chennai,29.3,79.98,2.8,471.21,101.1,407.93,2804.74,18.02,13.93,Moderate
2025-07-12,Delhi,26.61,64.87,17.28,489.35,92.9,421.85,3094.73,23.78,18.88,Moderate
2025-07-13,Delhi,26.5,74.32,1.83,480.03,110.2,402.89,2820.65,22.6,4.9,Moderate
2025-07-14,Delhi,29.72,81.59,1.79,491.57,94.2,459.65,2916.39,28.17,2.55,Moderate
2025-07-15,Delhi,29.78,68.87,9.16,480.54,112.1,502.43,3260.53,17.89,5.67,Moderate
2025-07-16,Hyderabad,27.76,71.79,2.06,468.64,79.1,463.24,3194.58,19.1,16.64,Moderate
2025-07-17,Chennai,32.93,64.01,3.52,477.66,106.6,499.6,3179.27,16.11,17.69,Moderate
2025-07-18,Bengaluru,28.32,82.07,7.96,479.35,101.7,430.8,2837.78,14.29,4.99,Moderate
2025-07-19,Chennai,24.75,69.32,9.12,477.42,80.5,394.24,2951.04,14.66,7.02,Low
2025-07-20,Mumbai,24.08,75.28,2.82,473.45,97.1,409.19,2843.9,12.0,10.93,Low
2025-07-21,Delhi,28.9,76.01,14.84,470.36,86.7,493.44,2840.96,18.63,19.34,Moderate
2025-07-22,Bengaluru,26.86,65.55,6.95,473.73,102.0,411.2,2976.27,28.39,16.61,Moderate
2025-07-23,Delhi,26.98,63.72,0.48,481.0,123.9,408.6,3016.19,23.1,6.23,Moderate
2025-07-24,Mumbai,27.43,76.3,2.81,484.4,100.2,482.54,2871.26,24.25,11.91,Moderate
2025-07-25,Delhi,26.99,64.94,4.83,478.4,83.6,408.21,2852.69,9.51,14.73,Moderate
2025-07-26,Chennai,23.1,65.58,10.61,478.07,74.3,358.16,2862.13,23.47,7.56,Low
2025-07-27,Delhi,28.91,68.44,11.41,474.24,94.1,436.72,3370.32,21.28,11.49,Moderate
2025-07-28,Delhi,30.22,71.1,2.57,535.8166095370996,201.67583208829217,1045.9256859097243,3127.49,17.4,8.72,Moderate
2025-07-29,Mumbai,27.67,69.16,9.17,477.02,98.1,422.27,2672.16,20.46,11.85,Moderate
2025-07-30,Bengaluru,25.14,59.73,2.09,469.6,71.1,359.82,3032.47,19.05,5.78,Low
2025-07-31,Chennai,24.15,79.66,0.88,465.71,77.4,359.44,3025.92,18.07,13.89,Low
2025-08-01,Chennai,25.39,65.78,1.91,468.68,76.7,351.08,2874.98,23.88,14.64,Low
2025-08-02,Mumbai,25.72,65.59,12.89,480.82,86.9,370.25,3066.17,19.79,13.19,Low
2025-08-03,Delhi,28.44,59.02,2.24,476.66,94.0,340.13,3283.86,8.3,15.54,Moderate
2025-08-04,Chennai,29.71,57.52,5.16,461.82,119.3,494.87,2797.76,18.25,8.16,Moderate
2025-08-05,Chennai,29.88,70.66,13.91,480.08,116.8,411.42,3015.32,16.36,10.58,Moderate
2025-08-06,Hyderabad,25.36,63.26,4.88,470.26,98.2,381.8,2853.79,10.99,9.79,Low
2025-08-07,Hyderabad,24.08,61.25,3.97,462.83,95.4,291.51,2621.08,23.31,6.29,Low
2025-08-08,Mumbai,26.0,79.04,1.83,472.9,59.6,403.98,3319.33,24.78,7.45,Low
2025-08-09,Delhi,22.86,78.69,5.8,475.94,96.1,380.23,3278.63,12.89,2.46,Low
2025-08-10,Bengaluru,25.8,68.86,2.28,475.05,98.0,421.38,2776.65,18.76,11.99,Low
2025-08-11,Bengaluru,23.23,70.71,9.7,536.5240896465713,177.22845226238633,671.1643982248987,3018.85,6.45,15.21,Low
2025-08-12,Bengaluru,26.48,79.74,9.99,464.61,85.7,376.91,3282.28,25.81,12.49,Low
2025-08-13,Delhi,26.61,64.45,8.15,470.49,82.8,377.33,2805.6,21.38,5.67,Low
2025-08-14,Bengaluru,27.37,77.37,1.62,473.89,88.8,449.23,2902.3,25.5,0.0,Moderate
2025-08-15,Delhi,24.38,77.33,0.99,470.23,108.8,357.22,3296.17,23.69,10.95,Low
2025-08-16,Delhi,29.37,66.15,3.48,481.67,101.0,476.28,2810.59,14.61,5.0,Moderate
2025-08-17,Bengaluru,23.85,66.26,5.01,471.22,103.4,341.28,2809.19,17.75,7.22,Low
2025-08-18,Mumbai,27.28,59.9,5.3,482.43,94.3,396.1,3107.57,14.95,15.9,Moderate
2025-08-19,Mumbai,24.89,72.5,2.05,467.4,111.3,414.19,2522.52,19.58,20.13,Low
2025-08-20,Bengaluru,28.86,72.76,1.39,486.16,105.4,493.04,2768.79,18.68,16.74,Moderate
2025-08-21,Mumbai,25.12,70.36,4.22,468.14,96.4,381.0,2829.18,26.3,9.88,Low
2025-08-22,Hyderabad,25.78,71.84,6.25,490.08,90.4,391.47,2881.48,18.64,22.51,Moderate
2025-08-23,Delhi,25.75,66.51,4.77,472.55,101.4,398.65,2945.39,18.33,10.3,Low
2025-08-24,Hyderabad,26.4,69.3,10.56,459.37,85.2,419.83,2919.58,22.02,16.51,Low
2025-08-25,Hyderabad,25.76,66.66,3.21,467.17,77.7,370.12,2833.27,11.2,6.65,Low
2025-08-26,Hyderabad,24.38,69.86,2.1,477.59,99.8,419.25,2970.29,15.74,13.03,Low
2025-08-27,Mumbai,22.97,74.66,0.67,476.47,84.5,410.07,2867.92,29.72,3.37,Low
2025-08-28,Bengaluru,24.88,59.4,3.01,474.42,82.1,425.7,2878.63,16.31,19.36,Low
2025-08-29,Chennai,22.82,69.12,5.1,483.17,93.9,367.86,2832.95,20.17,2.01,Low
2025-08-30,Hyderabad,25.88,70.43,0.13,480.07,79.5,387.96,3006.47,14.98,12.3,Low
2025-08-31,Bengaluru,24.97,71.02,3.44,476.37,72.4,365.31,3099.11,20.34,17.65,Low
2025-09-01,Hyderabad,23.73,73.69,13.56,471.3,73.5,425.58,3020.41,24.11,15.64,Low
2025-09-02,Delhi,26.95,74.11,1.01,492.3,80.4,380.71,2993.4,24.69,9.26,Moderate
2025-09-03,Mumbai,23.86,72.62,5.63,467.15,94.3,333.39,2911.57,26.51,5.6,Low
2025-09-04,Bengaluru,23.7,74.34,7.19,478.71,82.9,384.26,3072.34,13.35,4.01,Low
2025-09-05,Hyderabad,26.4,74.91,4.88,476.38,101.0,387.22,2869.65,15.87,12.69,Moderate
2025-09-06,Chennai,20.56,61.56,11.65,484.37,109.0,324.14,2677.15,24.82,7.64,Low
2025-09-07,Delhi,22.37,78.03,4.91,470.82,63.8,396.12,2587.5,23.11,0.0,Low
2025-09-08,Hyderabad,25.02,71.59,0.19,474.7,115.7,450.82,3087.38,32.2,13.23,Low
2025-09-09,Bengaluru,24.42,70.8,2.98,471.97,80.9,434.09,3129.23,20.54,12.23,Low
2025-09-10,Delhi,25.31,67.31,3.12,494.2,96.6,412.39,2829.27,18.58,14.11,Moderate
2025-09-11,Bengaluru,22.85,63.61,6.21,485.28,84.9,404.08,2784.8,15.9,8.36,Low
2025-09-12,Bengaluru,26.15,69.55,4.06,480.56,88.8,460.7,3059.16,14.72,12.75,Moderate
2025-09-13,Hyderabad,24.35,61.75,4.62,473.64,94.3,336.77,3019.15,7.35,2.04,Low
2025-09-14,Delhi,24.74,84.05,2.88,471.87,97.0,399.91,3236.88,17.65,9.27,Low
2025-09-15,Bengaluru,25.95,75.82,0.92,478.55,102.7,363.55,3049.33,10.71,1.89,Low
2025-09-16,Delhi,24.03,67.79,3.37,475.41,84.6,372.3,3028.58,26.09,11.28,Low
2025-09-17,Bengaluru,25.16,65.19,1.69,471.95,98.5,374.83,2861.93,9.33,10.3,Low
2025-09-18,Delhi,25.47,71.25,2.35,485.14,101.4,357.55,2738.42,26.78,9.42,Low
2025-09-19,Bengaluru,22.44,72.0,6.61,476.46,93.6,377.74,2956.64,13.79,13.53,Low
2025-09-20,Delhi,21.33,80.1,0.53,490.03,86.0,367.92,2811.64,23.31,26.97,Low
2025-09-21,Mumbai,22.12,63.41,0.72,474.3,105.2,345.55,2768.98,27.87,2.81,Low
2025-09-22,Delhi,25.42,66.72,9.72,478.56,89.6,326.31,3100.92,15.29,4.6,Low
2025-09-23,Delhi,26.46,71.0,1.89,465.62,68.3,411.35,2742.07,23.19,11.52,Low
2025-09-24,Mumbai,27.48,69.75,4.72,469.22,89.4,371.77,3171.83,11.0,7.47,Low
2025-09-25,Mumbai,26.43,65.41,0.62,471.4,100.7,393.17,2938.42,20.74,7.0,Low
2025-09-26,Hyderabad,21.78,76.39,4.29,464.54,72.9,344.31,2669.48,19.25,14.28,Low
2025-09-27,Delhi,25.17,64.18,1.69,493.59,91.9,352.05,2595.05,19.24,14.38,Low
2025-09-28,Delhi,23.75,74.17,5.57,466.16,106.4,436.3,2732.06,18.98,13.09,Low
2025-09-29,Hyderabad,25.0,75.21,0.27,482.58,100.9,387.53,3022.91,11.76,3.07,Low
2025-09-30,Delhi,24.15,76.48,0.43,469.79,87.0,370.42,3019.73,20.53,12.61,Low
2025-10-01,Mumbai,20.91,75.36,4.66,477.36,105.5,385.97,3019.26,16.72,9.93,Low
2025-10-02,Mumbai,21.99,75.01,0.82,479.95,83.2,339.32,2583.61,17.81,6.58,Low
2025-10-03,Delhi,21.89,74.78,2.08,482.3,86.0,361.56,2807.3,31.47,13.13,Low
2025-10-04,Mumbai,23.79,70.32,2.97,474.04,103.1,338.12,3128.04,26.34,12.26,Low
2025-10-05,Mumbai,24.42,67.0,0.8,486.24,71.2,432.44,3096.05,15.97,7.34,Low
2025-10-06,Delhi,21.68,60.65,3.72,474.95,77.9,395.56,2780.88,30.06,14.53,Low
2025-10-07,Mumbai,23.22,68.82,1.71,473.04,117.4,347.16,2631.78,24.98,16.6,Low
2025-10-08,Mumbai,24.2,64.74,4.5,472.87,93.4,380.14,2724.34,24.08,4.21,Low
2025-10-09,Mumbai,25.42,57.46,1.44,463.87,108.7,372.96,3061.5,16.81,14.63,Low
2025-10-10,Delhi,23.07,66.86,2.31,466.32,103.1,379.44,2848.87,27.99,4.8,Low
2025-10-11,Chennai,23.55,81.14,2.54,484.87,97.5,382.78,2958.67,19.48,14.42,Low
2025-10-12,Chennai,24.08,79.2,5.36,477.47,100.9,378.14,2686.0,30.13,2.03,Low
2025-10-13,Chennai,22.44,73.28,0.75,467.17,91.9,309.98,3058.82,24.31,8.67,Low
2025-10-14,Chennai,25.72,69.21,6.77,472.8,82.5,375.31,2735.99,19.15,1.97,Low
2025-10-15,Hyderabad,27.06,65.25,2.82,481.76,100.4,430.55,2730.36,25.86,11.0,Moderate
2025-10-16,Hyderabad,25.41,64.82,0.78,475.9,117.1,396.22,2969.95,20.74,17.64,Moderate
2025-10-17,Chennai,25.31,68.74,9.94,470.91,85.1,359.15,2797.44,24.88,12.46,Low
2025-10-18,Bengaluru,21.74,74.05,5.0,472.71,71.3,317.51,2688.51,29.43,10.91,Low
2025-10-19,Bengaluru,24.21,79.2,5.26,467.38,102.8,394.49,2968.23,33.35,9.7,Low
2025-10-20,Delhi,24.32,64.97,2.44,486.62,113.3,344.99,3011.84,28.76,8.88,Low
2025-10-21,Bengaluru,27.33,86.19,6.46,484.38,104.5,408.63,3495.46,23.68,11.94,Moderate
2025-10-22,Bengaluru,25.21,68.57,5.02,492.92,104.4,427.74,3262.45,21.46,9.39,Moderate
2025-10-23,Delhi,26.74,63.76,6.86,480.41,123.0,459.68,3092.01,26.51,7.35,Moderate
2025-10-24,Chennai,25.89,80.88,2.1,468.66,115.4,444.03,3181.34,26.82,14.12,Moderate
2025-10-25,Mumbai,21.96,73.71,7.19,483.27,76.5,384.39,2957.39,11.73,12.24,Low
2025-10-26,Delhi,25.88,77.22,5.99,479.02,119.0,372.63,2931.88,31.98,4.17,Low
2025-10-27,Mumbai,23.37,70.62,0.72,486.23,94.7,397.64,2901.96,22.89,8.38,Low
2025-10-28,Hyderabad,23.46,77.53,3.45,479.1,90.5,260.27,2731.55,32.6,7.26,Low
2025-10-29,Bengaluru,27.58,72.25,5.38,481.95,81.4,378.29,2912.09,27.42,7.12,Moderate
2025-10-30,Hyderabad,22.33,65.49,1.39,480.74,104.5,411.4,2981.74,25.66,13.83,Low
2025-10-31,Hyderabad,25.77,70.74,4.67,470.5,108.3,430.53,2493.66,23.19,11.79,Low
2025-11-01,Hyderabad,21.54,81.28,4.12,477.04,109.3,334.78,2885.37,27.19,3.86,Low
2025-11-02,Chennai,24.45,73.32,10.23,477.64,78.8,332.3,2698.78,22.26,6.68,Low
2025-11-03,Mumbai,24.31,68.54,1.92,473.66,91.2,354.09,2887.15,26.19,15.02,Low
2025-11-04,Mumbai,23.71,75.44,3.71,474.17,91.6,349.13,2853.78,16.66,5.94,Low
2025-11-05,Delhi,24.96,76.69,3.26,469.33,76.5,351.88,3068.2,30.05,6.37,Low
2025-11-06,Mumbai,23.88,69.6,6.15,478.2,104.3,332.57,3073.89,24.6,3.12,Low
2025-11-07,Chennai,23.88,71.75,3.03,496.63,98.3,374.98,2786.93,34.53,11.47,Low
2025-11-08,Hyderabad,25.38,69.17,5.09,482.73,115.5,457.66,2750.62,19.49,10.75,Moderate
2025-11-09,Bengaluru,26.39,73.56,4.19,482.25,99.5,453.48,2700.17,20.88,4.88,Moderate
2025-11-10,Bengaluru,31.73,61.07,3.36,468.94,88.0,456.59,2854.65,26.02,10.16,Moderate
2025-11-11,Hyderabad,27.59,70.28,0.82,483.61,100.5,392.83,2849.33,31.74,0.0,Moderate
2025-11-12,Bengaluru,24.82,68.81,0.71,484.66,92.7,417.78,2783.63,19.7,12.69,Low
2025-11-13,Mumbai,26.63,78.87,3.93,476.59,97.5,396.92,2817.49,29.29,8.52,Low
2025-11-14,Bengaluru,22.79,77.71,8.16,480.76,116.2,399.45,2781.23,28.23,6.51,Low
2025-11-15,Hyderabad,27.16,57.74,3.39,485.53,65.5,402.93,3000.51,17.25,0.0,Low
2025-11-16,Hyderabad,25.29,77.89,2.5,477.65,79.6,375.03,3059.97,24.08,18.21,Low
2025-11-17,Mumbai,25.42,69.71,0.49,481.0,120.2,389.18,3041.58,30.44,15.83,Moderate
2025-11-18,Chennai,23.3,63.03,1.78,493.1,96.9,317.43,2982.86,27.08,16.87,Low
2025-11-19,Bengaluru,25.75,74.17,8.57,476.61,72.4,454.35,2866.28,29.09,2.58,Low
2025-11-20,Mumbai,27.45,64.42,1.11,480.96,82.7,387.49,2818.19,17.13,5.3,Moderate
2025-11-21,Mumbai,26.51,68.03,1.49,474.42,96.1,410.7,2815.73,27.15,9.47,Low
2025-11-22,Hyderabad,28.07,76.67,3.52,484.14,96.2,430.7,2708.0,32.57,5.81,Moderate
2025-11-23,Chennai,25.7,69.54,7.93,481.02,98.7,365.08,2962.89,17.99,12.74,Low
2025-11-24,Hyderabad,26.52,72.05,14.22,474.0,105.0,414.62,2909.46,32.33,13.01,Moderate
2025-11-25,Bengaluru,25.72,65.8,3.47,477.6,90.8,352.62,2840.22,36.48,10.37,Low
2025-11-26,Mumbai,27.2,64.74,3.19,487.82,103.7,436.31,3132.19,33.73,9.22,Moderate
2025-11-27,Bengaluru,27.76,60.74,6.57,480.6,90.1,459.16,3102.1,33.84,12.66,Moderate
2025-11-28,Mumbai,26.27,72.45,2.76,481.94,108.4,402.75,3262.41,27.8,0.0,Low
2025-11-29,Delhi,27.56,68.41,3.02,474.91,101.3,460.52,3317.49,33.17,18.35,Moderate
2025-11-30,Hyderabad,24.45,64.84,0.89,483.08,114.0,339.01,2963.21,31.39,10.38,Low
2025-12-01,Delhi,29.49,76.51,2.66,485.93,98.4,417.91,2951.45,32.46,14.62,Moderate
2025-12-02,Bengaluru,27.48,74.33,3.5,470.92,85.2,367.88,3346.75,33.83,3.88,Low
2025-12-03,Chennai,25.3,73.82,1.39,485.38,84.7,381.25,2730.54,26.22,18.49,Low
2025-12-04,Hyderabad,28.99,65.21,7.15,474.52,74.8,458.45,3131.5,33.38,10.39,Moderate
2025-12-05,Chennai,27.58,62.01,3.73,480.48,102.2,489.88,3397.15,28.18,8.76,Moderate
2025-12-06,Mumbai,28.52,51.74,0.91,483.43,110.8,402.43,3086.05,29.86,14.69,Moderate
2025-12-07,Chennai,26.96,73.36,0.42,481.34,100.6,452.25,3023.26,30.98,13.56,Moderate
2025-12-08,Hyderabad,25.86,63.47,2.6,479.81,126.7,387.91,2742.94,33.22,14.52,Moderate
2025-12-09,Hyderabad,26.72,82.85,5.31,481.7,111.8,440.67,3379.67,44.53,4.72,Moderate
2025-12-10,Bengaluru,27.67,77.26,1.23,485.63,92.3,482.42,3451.9,20.39,6.52,Moderate
2025-12-11,Hyderabad,24.22,76.68,4.45,490.37,112.4,342.65,2830.46,31.09,11.19,Low
2025-12-12,Chennai,25.41,64.84,2.56,484.84,84.8,376.43,2715.85,28.35,13.15,Low
2025-12-13,Mumbai,26.61,65.17,0.83,492.01,99.0,380.25,3272.57,31.06,16.95,Moderate
2025-12-14,Chennai,25.4,68.34,1.18,495.67,90.1,340.05,2824.84,31.23,9.78,Low
2025-12-15,Hyderabad,23.1,77.06,0.3,478.45,113.0,343.59,3216.61,28.16,18.51,Low
2025-12-16,Hyderabad,26.16,66.86,2.76,481.8,91.4,414.08,2859.57,32.2,13.89,Moderate
2025-12-17,Bengaluru,27.18,71.2,0.33,479.86,97.4,425.15,3209.49,36.36,8.64,Moderate
2025-12-18,Mumbai,26.96,58.75,4.6,485.07,110.1,470.58,2587.79,39.07,11.82,Moderate
2025-12-19,Chennai,27.08,75.29,3.66,481.13,50.4,444.43,2748.61,29.28,8.0,Low
2025-12-20,Mumbai,25.73,72.29,1.98,483.45,116.1,457.64,3048.48,21.85,14.67,Moderate
2025-12-21,Hyderabad,28.55,80.11,5.11,495.45,92.3,398.71,2822.46,30.77,6.26,Moderate
2025-12-22,Chennai,26.46,73.68,2.72,497.68,78.3,376.91,3090.91,36.86,11.53,Moderate
2025-12-23,Delhi,28.48,55.66,4.88,482.73,83.0,411.28,3011.54,30.8,15.65,Moderate
2025-12-24,Mumbai,26.44,72.66,6.2,478.28,88.0,487.8,3049.63,31.98,0.73,Low
2025-12-25,Chennai,26.71,67.28,2.88,480.73,107.7,470.57,2998.42,37.38,6.49,Moderate
2025-12-26,Delhi,28.66,63.83,6.91,486.88,105.4,386.53,2837.92,28.05,0.0,Moderate
2025-12-27,Bengaluru,29.81,65.58,4.91,482.0,101.4,424.66,2982.02,40.67,13.02,Moderate
2025-12-28,Mumbai,30.17,68.57,2.07,480.57,72.0,477.04,2907.88,33.08,6.88,Moderate
2025-12-29,Delhi,24.82,64.42,6.43,481.87,81.4,356.12,3122.77,31.78,15.04,Low
2025-12-30,Hyderabad,29.54,67.15,4.44,499.94,93.0,485.35,2928.76,36.79,17.57,Moderate
2025-12-31,Mumbai,28.27,74.56,1.85,474.52,64.4,429.82,2949.78,46.2,13.52,Moderate
2026-01-01,Delhi,25.2,68.74,0.9,479.65,130.8,452.35,2879.47,29.26,12.74,Moderate
2026-01-02,Bengaluru,28.42,66.3,3.06,482.42,75.0,443.94,2986.4,36.95,15.2,Moderate
2026-01-03,Hyderabad,25.94,67.44,5.88,483.74,103.3,423.27,3036.3,35.28,16.67,Moderate
2026-01-04,Hyderabad,31.12,63.28,2.68,485.84,87.2,380.32,3329.16,33.33,0.02,Moderate
2026-01-05,Bengaluru,27.5,68.08,4.76,480.81,89.8,427.55,2969.79,17.67,10.44,Moderate
2026-01-06,Delhi,28.1,76.27,4.05,492.33,89.0,456.78,2749.73,34.55,8.03,Moderate
2026-01-07,Bengaluru,28.44,70.41,4.28,497.89,70.8,470.47,2896.68,27.46,0.0,Moderate
2026-01-08,Bengaluru,30.2,64.03,7.25,495.68,102.9,448.27,2803.35,28.69,2.66,Moderate
